model_tier,model_id,source_folder,threshold,rows,accuracy,macro_f1,spam_precision,spam_recall,safe_precision,safe_recall,false_positive_rate,false_negative_rate,true_safe,true_spam,false_positives,false_negatives,pred_safe,pred_spam,parse_ok_rate,min_macro_f1_bar,min_spam_recall_bar,max_false_positive_rate_bar,clears_zero_shot_bar
E2B,google/gemma-4-E2B-it,all,0.00,400,0.5,0.333333333333,0.5,1,0,0,1,0,200,200,200,0,0,400,1,0.8,0.85,0.05,False
E2B,google/gemma-4-E2B-it,all,0.01,400,0.525,0.386602098467,0.512820512821,1,1,0.05,0.95,0,200,200,190,0,10,390,1,0.8,0.85,0.05,False
E2B,google/gemma-4-E2B-it,all,0.02,400,0.51,0.382073835871,0.505235602094,0.965,0.611111111111,0.055,0.945,0.035,200,200,189,7,18,382,1,0.8,0.85,0.05,False
E2B,google/gemma-4-E2B-it,all,0.03,400,0.51,0.382073835871,0.505235602094,0.965,0.611111111111,0.055,0.945,0.035,200,200,189,7,18,382,1,0.8,0.85,0.05,False
E2B,google/gemma-4-E2B-it,all,0.04,400,0.51,0.382073835871,0.505235602094,0.965,0.611111111111,0.055,0.945,0.035,200,200,189,7,18,382,1,0.8,0.85,0.05,False
E2B,google/gemma-4-E2B-it,all,0.05,400,0.51,0.382073835871,0.505235602094,0.965,0.611111111111,0.055,0.945,0.035,200,200,189,7,18,382,1,0.8,0.85,0.05,False
E2B,google/gemma-4-E2B-it,all,0.06,400,0.66,0.644314258814,0.612676056338,0.87,0.775862068966,0.45,0.55,0.13,200,200,110,26,116,284,1,0.8,0.85,0.05,False
E2B,google/gemma-4-E2B-it,all,0.07,400,0.66,0.644314258814,0.612676056338,0.87,0.775862068966,0.45,0.55,0.13,200,200,110,26,116,284,1,0.8,0.85,0.05,False
E2B,google/gemma-4-E2B-it,all,0.08,400,0.66,0.644314258814,0.612676056338,0.87,0.775862068966,0.45,0.55,0.13,200,200,110,26,116,284,1,0.8,0.85,0.05,False
E2B,google/gemma-4-E2B-it,all,0.09,400,0.66,0.644314258814,0.612676056338,0.87,0.775862068966,0.45,0.55,0.13,200,200,110,26,116,284,1,0.8,0.85,0.05,False
E2B,google/gemma-4-E2B-it,all,0.10,400,0.66,0.644314258814,0.612676056338,0.87,0.775862068966,0.45,0.55,0.13,200,200,110,26,116,284,1,0.8,0.85,0.05,False
E2B,google/gemma-4-E2B-it,all,0.11,400,0.66,0.644314258814,0.612676056338,0.87,0.775862068966,0.45,0.55,0.13,200,200,110,26,116,284,1,0.8,0.85,0.05,False
E2B,google/gemma-4-E2B-it,all,0.12,400,0.66,0.644314258814,0.612676056338,0.87,0.775862068966,0.45,0.55,0.13,200,200,110,26,116,284,1,0.8,0.85,0.05,False
E2B,google/gemma-4-E2B-it,all,0.13,400,0.66,0.644314258814,0.612676056338,0.87,0.775862068966,0.45,0.55,0.13,200,200,110,26,116,284,1,0.8,0.85,0.05,False
E2B,google/gemma-4-E2B-it,all,0.14,400,0.66,0.644314258814,0.612676056338,0.87,0.775862068966,0.45,0.55,0.13,200,200,110,26,116,284,1,0.8,0.85,0.05,False
E2B,google/gemma-4-E2B-it,all,0.15,400,0.66,0.644314258814,0.612676056338,0.87,0.775862068966,0.45,0.55,0.13,200,200,110,26,116,284,1,0.8,0.85,0.05,False
E2B,google/gemma-4-E2B-it,all,0.16,400,0.66,0.644314258814,0.612676056338,0.87,0.775862068966,0.45,0.55,0.13,200,200,110,26,116,284,1,0.8,0.85,0.05,False
E2B,google/gemma-4-E2B-it,all,0.17,400,0.66,0.644314258814,0.612676056338,0.87,0.775862068966,0.45,0.55,0.13,200,200,110,26,116,284,1,0.8,0.85,0.05,False
E2B,google/gemma-4-E2B-it,all,0.18,400,0.66,0.644314258814,0.612676056338,0.87,0.775862068966,0.45,0.55,0.13,200,200,110,26,116,284,1,0.8,0.85,0.05,False
E2B,google/gemma-4-E2B-it,all,0.19,400,0.66,0.644314258814,0.612676056338,0.87,0.775862068966,0.45,0.55,0.13,200,200,110,26,116,284,1,0.8,0.85,0.05,False
E2B,google/gemma-4-E2B-it,all,0.20,400,0.66,0.644314258814,0.612676056338,0.87,0.775862068966,0.45,0.55,0.13,200,200,110,26,116,284,1,0.8,0.85,0.05,False
E2B,google/gemma-4-E2B-it,all,0.21,400,0.66,0.644314258814,0.612676056338,0.87,0.775862068966,0.45,0.55,0.13,200,200,110,26,116,284,1,0.8,0.85,0.05,False
E2B,google/gemma-4-E2B-it,all,0.22,400,0.66,0.644314258814,0.612676056338,0.87,0.775862068966,0.45,0.55,0.13,200,200,110,26,116,284,1,0.8,0.85,0.05,False
E2B,google/gemma-4-E2B-it,all,0.23,400,0.66,0.644314258814,0.612676056338,0.87,0.775862068966,0.45,0.55,0.13,200,200,110,26,116,284,1,0.8,0.85,0.05,False
E2B,google/gemma-4-E2B-it,all,0.24,400,0.66,0.644314258814,0.612676056338,0.87,0.775862068966,0.45,0.55,0.13,200,200,110,26,116,284,1,0.8,0.85,0.05,False
E2B,google/gemma-4-E2B-it,all,0.25,400,0.66,0.644314258814,0.612676056338,0.87,0.775862068966,0.45,0.55,0.13,200,200,110,26,116,284,1,0.8,0.85,0.05,False
E2B,google/gemma-4-E2B-it,all,0.26,400,0.66,0.644314258814,0.612676056338,0.87,0.775862068966,0.45,0.55,0.13,200,200,110,26,116,284,1,0.8,0.85,0.05,False
E2B,google/gemma-4-E2B-it,all,0.27,400,0.66,0.644314258814,0.612676056338,0.87,0.775862068966,0.45,0.55,0.13,200,200,110,26,116,284,1,0.8,0.85,0.05,False
E2B,google/gemma-4-E2B-it,all,0.28,400,0.66,0.644314258814,0.612676056338,0.87,0.775862068966,0.45,0.55,0.13,200,200,110,26,116,284,1,0.8,0.85,0.05,False
E2B,google/gemma-4-E2B-it,all,0.29,400,0.66,0.644314258814,0.612676056338,0.87,0.775862068966,0.45,0.55,0.13,200,200,110,26,116,284,1,0.8,0.85,0.05,False
E2B,google/gemma-4-E2B-it,all,0.30,400,0.66,0.644314258814,0.612676056338,0.87,0.775862068966,0.45,0.55,0.13,200,200,110,26,116,284,1,0.8,0.85,0.05,False
E2B,google/gemma-4-E2B-it,all,0.31,400,0.66,0.644314258814,0.612676056338,0.87,0.775862068966,0.45,0.55,0.13,200,200,110,26,116,284,1,0.8,0.85,0.05,False
E2B,google/gemma-4-E2B-it,all,0.32,400,0.66,0.644314258814,0.612676056338,0.87,0.775862068966,0.45,0.55,0.13,200,200,110,26,116,284,1,0.8,0.85,0.05,False
E2B,google/gemma-4-E2B-it,all,0.33,400,0.66,0.644314258814,0.612676056338,0.87,0.775862068966,0.45,0.55,0.13,200,200,110,26,116,284,1,0.8,0.85,0.05,False
E2B,google/gemma-4-E2B-it,all,0.34,400,0.66,0.644314258814,0.612676056338,0.87,0.775862068966,0.45,0.55,0.13,200,200,110,26,116,284,1,0.8,0.85,0.05,False
E2B,google/gemma-4-E2B-it,all,0.35,400,0.66,0.644314258814,0.612676056338,0.87,0.775862068966,0.45,0.55,0.13,200,200,110,26,116,284,1,0.8,0.85,0.05,False
E2B,google/gemma-4-E2B-it,all,0.36,400,0.66,0.644314258814,0.612676056338,0.87,0.775862068966,0.45,0.55,0.13,200,200,110,26,116,284,1,0.8,0.85,0.05,False
E2B,google/gemma-4-E2B-it,all,0.37,400,0.66,0.644314258814,0.612676056338,0.87,0.775862068966,0.45,0.55,0.13,200,200,110,26,116,284,1,0.8,0.85,0.05,False
E2B,google/gemma-4-E2B-it,all,0.38,400,0.66,0.644314258814,0.612676056338,0.87,0.775862068966,0.45,0.55,0.13,200,200,110,26,116,284,1,0.8,0.85,0.05,False
E2B,google/gemma-4-E2B-it,all,0.39,400,0.66,0.644314258814,0.612676056338,0.87,0.775862068966,0.45,0.55,0.13,200,200,110,26,116,284,1,0.8,0.85,0.05,False
E2B,google/gemma-4-E2B-it,all,0.40,400,0.66,0.644314258814,0.612676056338,0.87,0.775862068966,0.45,0.55,0.13,200,200,110,26,116,284,1,0.8,0.85,0.05,False
E2B,google/gemma-4-E2B-it,all,0.41,400,0.66,0.644314258814,0.612676056338,0.87,0.775862068966,0.45,0.55,0.13,200,200,110,26,116,284,1,0.8,0.85,0.05,False
E2B,google/gemma-4-E2B-it,all,0.42,400,0.66,0.644314258814,0.612676056338,0.87,0.775862068966,0.45,0.55,0.13,200,200,110,26,116,284,1,0.8,0.85,0.05,False
E2B,google/gemma-4-E2B-it,all,0.43,400,0.66,0.644314258814,0.612676056338,0.87,0.775862068966,0.45,0.55,0.13,200,200,110,26,116,284,1,0.8,0.85,0.05,False
E2B,google/gemma-4-E2B-it,all,0.44,400,0.66,0.644314258814,0.612676056338,0.87,0.775862068966,0.45,0.55,0.13,200,200,110,26,116,284,1,0.8,0.85,0.05,False
E2B,google/gemma-4-E2B-it,all,0.45,400,0.66,0.644314258814,0.612676056338,0.87,0.775862068966,0.45,0.55,0.13,200,200,110,26,116,284,1,0.8,0.85,0.05,False
E2B,google/gemma-4-E2B-it,all,0.46,400,0.66,0.644314258814,0.612676056338,0.87,0.775862068966,0.45,0.55,0.13,200,200,110,26,116,284,1,0.8,0.85,0.05,False
E2B,google/gemma-4-E2B-it,all,0.47,400,0.66,0.644314258814,0.612676056338,0.87,0.775862068966,0.45,0.55,0.13,200,200,110,26,116,284,1,0.8,0.85,0.05,False
E2B,google/gemma-4-E2B-it,all,0.48,400,0.66,0.644314258814,0.612676056338,0.87,0.775862068966,0.45,0.55,0.13,200,200,110,26,116,284,1,0.8,0.85,0.05,False
E2B,google/gemma-4-E2B-it,all,0.49,400,0.66,0.644314258814,0.612676056338,0.87,0.775862068966,0.45,0.55,0.13,200,200,110,26,116,284,1,0.8,0.85,0.05,False
E2B,google/gemma-4-E2B-it,all,0.50,400,0.66,0.644314258814,0.612676056338,0.87,0.775862068966,0.45,0.55,0.13,200,200,110,26,116,284,1,0.8,0.85,0.05,False
E2B,google/gemma-4-E2B-it,all,0.51,400,0.66,0.644314258814,0.612676056338,0.87,0.775862068966,0.45,0.55,0.13,200,200,110,26,116,284,1,0.8,0.85,0.05,False
E2B,google/gemma-4-E2B-it,all,0.52,400,0.66,0.644314258814,0.612676056338,0.87,0.775862068966,0.45,0.55,0.13,200,200,110,26,116,284,1,0.8,0.85,0.05,False
E2B,google/gemma-4-E2B-it,all,0.53,400,0.66,0.644314258814,0.612676056338,0.87,0.775862068966,0.45,0.55,0.13,200,200,110,26,116,284,1,0.8,0.85,0.05,False
E2B,google/gemma-4-E2B-it,all,0.54,400,0.66,0.644314258814,0.612676056338,0.87,0.775862068966,0.45,0.55,0.13,200,200,110,26,116,284,1,0.8,0.85,0.05,False
E2B,google/gemma-4-E2B-it,all,0.55,400,0.66,0.644314258814,0.612676056338,0.87,0.775862068966,0.45,0.55,0.13,200,200,110,26,116,284,1,0.8,0.85,0.05,False
E2B,google/gemma-4-E2B-it,all,0.56,400,0.66,0.644314258814,0.612676056338,0.87,0.775862068966,0.45,0.55,0.13,200,200,110,26,116,284,1,0.8,0.85,0.05,False
E2B,google/gemma-4-E2B-it,all,0.57,400,0.66,0.644314258814,0.612676056338,0.87,0.775862068966,0.45,0.55,0.13,200,200,110,26,116,284,1,0.8,0.85,0.05,False
E2B,google/gemma-4-E2B-it,all,0.58,400,0.66,0.644314258814,0.612676056338,0.87,0.775862068966,0.45,0.55,0.13,200,200,110,26,116,284,1,0.8,0.85,0.05,False
E2B,google/gemma-4-E2B-it,all,0.59,400,0.66,0.644314258814,0.612676056338,0.87,0.775862068966,0.45,0.55,0.13,200,200,110,26,116,284,1,0.8,0.85,0.05,False
E2B,google/gemma-4-E2B-it,all,0.60,400,0.66,0.644314258814,0.612676056338,0.87,0.775862068966,0.45,0.55,0.13,200,200,110,26,116,284,1,0.8,0.85,0.05,False
E2B,google/gemma-4-E2B-it,all,0.61,400,0.66,0.644314258814,0.612676056338,0.87,0.775862068966,0.45,0.55,0.13,200,200,110,26,116,284,1,0.8,0.85,0.05,False
E2B,google/gemma-4-E2B-it,all,0.62,400,0.66,0.644314258814,0.612676056338,0.87,0.775862068966,0.45,0.55,0.13,200,200,110,26,116,284,1,0.8,0.85,0.05,False
E2B,google/gemma-4-E2B-it,all,0.63,400,0.66,0.644314258814,0.612676056338,0.87,0.775862068966,0.45,0.55,0.13,200,200,110,26,116,284,1,0.8,0.85,0.05,False
E2B,google/gemma-4-E2B-it,all,0.64,400,0.66,0.644314258814,0.612676056338,0.87,0.775862068966,0.45,0.55,0.13,200,200,110,26,116,284,1,0.8,0.85,0.05,False
E2B,google/gemma-4-E2B-it,all,0.65,400,0.66,0.644314258814,0.612676056338,0.87,0.775862068966,0.45,0.55,0.13,200,200,110,26,116,284,1,0.8,0.85,0.05,False
E2B,google/gemma-4-E2B-it,all,0.66,400,0.66,0.644314258814,0.612676056338,0.87,0.775862068966,0.45,0.55,0.13,200,200,110,26,116,284,1,0.8,0.85,0.05,False
E2B,google/gemma-4-E2B-it,all,0.67,400,0.66,0.644314258814,0.612676056338,0.87,0.775862068966,0.45,0.55,0.13,200,200,110,26,116,284,1,0.8,0.85,0.05,False
E2B,google/gemma-4-E2B-it,all,0.68,400,0.66,0.644314258814,0.612676056338,0.87,0.775862068966,0.45,0.55,0.13,200,200,110,26,116,284,1,0.8,0.85,0.05,False
E2B,google/gemma-4-E2B-it,all,0.69,400,0.66,0.644314258814,0.612676056338,0.87,0.775862068966,0.45,0.55,0.13,200,200,110,26,116,284,1,0.8,0.85,0.05,False
E2B,google/gemma-4-E2B-it,all,0.70,400,0.66,0.644314258814,0.612676056338,0.87,0.775862068966,0.45,0.55,0.13,200,200,110,26,116,284,1,0.8,0.85,0.05,False
E2B,google/gemma-4-E2B-it,all,0.71,400,0.66,0.644314258814,0.612676056338,0.87,0.775862068966,0.45,0.55,0.13,200,200,110,26,116,284,1,0.8,0.85,0.05,False
E2B,google/gemma-4-E2B-it,all,0.72,400,0.66,0.644314258814,0.612676056338,0.87,0.775862068966,0.45,0.55,0.13,200,200,110,26,116,284,1,0.8,0.85,0.05,False
E2B,google/gemma-4-E2B-it,all,0.73,400,0.66,0.644314258814,0.612676056338,0.87,0.775862068966,0.45,0.55,0.13,200,200,110,26,116,284,1,0.8,0.85,0.05,False
E2B,google/gemma-4-E2B-it,all,0.74,400,0.66,0.644314258814,0.612676056338,0.87,0.775862068966,0.45,0.55,0.13,200,200,110,26,116,284,1,0.8,0.85,0.05,False
E2B,google/gemma-4-E2B-it,all,0.75,400,0.66,0.644314258814,0.612676056338,0.87,0.775862068966,0.45,0.55,0.13,200,200,110,26,116,284,1,0.8,0.85,0.05,False
E2B,google/gemma-4-E2B-it,all,0.76,400,0.66,0.644314258814,0.612676056338,0.87,0.775862068966,0.45,0.55,0.13,200,200,110,26,116,284,1,0.8,0.85,0.05,False
E2B,google/gemma-4-E2B-it,all,0.77,400,0.66,0.644314258814,0.612676056338,0.87,0.775862068966,0.45,0.55,0.13,200,200,110,26,116,284,1,0.8,0.85,0.05,False
E2B,google/gemma-4-E2B-it,all,0.78,400,0.66,0.644314258814,0.612676056338,0.87,0.775862068966,0.45,0.55,0.13,200,200,110,26,116,284,1,0.8,0.85,0.05,False
E2B,google/gemma-4-E2B-it,all,0.79,400,0.66,0.644314258814,0.612676056338,0.87,0.775862068966,0.45,0.55,0.13,200,200,110,26,116,284,1,0.8,0.85,0.05,False
E2B,google/gemma-4-E2B-it,all,0.80,400,0.66,0.644314258814,0.612676056338,0.87,0.775862068966,0.45,0.55,0.13,200,200,110,26,116,284,1,0.8,0.85,0.05,False
E2B,google/gemma-4-E2B-it,all,0.81,400,0.66,0.644314258814,0.612676056338,0.87,0.775862068966,0.45,0.55,0.13,200,200,110,26,116,284,1,0.8,0.85,0.05,False
E2B,google/gemma-4-E2B-it,all,0.82,400,0.66,0.644314258814,0.612676056338,0.87,0.775862068966,0.45,0.55,0.13,200,200,110,26,116,284,1,0.8,0.85,0.05,False
E2B,google/gemma-4-E2B-it,all,0.83,400,0.66,0.644314258814,0.612676056338,0.87,0.775862068966,0.45,0.55,0.13,200,200,110,26,116,284,1,0.8,0.85,0.05,False
E2B,google/gemma-4-E2B-it,all,0.84,400,0.66,0.644314258814,0.612676056338,0.87,0.775862068966,0.45,0.55,0.13,200,200,110,26,116,284,1,0.8,0.85,0.05,False
E2B,google/gemma-4-E2B-it,all,0.85,400,0.66,0.644314258814,0.612676056338,0.87,0.775862068966,0.45,0.55,0.13,200,200,110,26,116,284,1,0.8,0.85,0.05,False
E2B,google/gemma-4-E2B-it,all,0.86,400,0.66,0.644314258814,0.612676056338,0.87,0.775862068966,0.45,0.55,0.13,200,200,110,26,116,284,1,0.8,0.85,0.05,False
E2B,google/gemma-4-E2B-it,all,0.87,400,0.66,0.644314258814,0.612676056338,0.87,0.775862068966,0.45,0.55,0.13,200,200,110,26,116,284,1,0.8,0.85,0.05,False
E2B,google/gemma-4-E2B-it,all,0.88,400,0.66,0.644314258814,0.612676056338,0.87,0.775862068966,0.45,0.55,0.13,200,200,110,26,116,284,1,0.8,0.85,0.05,False
E2B,google/gemma-4-E2B-it,all,0.89,400,0.66,0.644314258814,0.612676056338,0.87,0.775862068966,0.45,0.55,0.13,200,200,110,26,116,284,1,0.8,0.85,0.05,False
E2B,google/gemma-4-E2B-it,all,0.90,400,0.66,0.644314258814,0.612676056338,0.87,0.775862068966,0.45,0.55,0.13,200,200,110,26,116,284,1,0.8,0.85,0.05,False
E2B,google/gemma-4-E2B-it,all,0.91,400,0.6,0.565972222222,0.727272727273,0.32,0.564102564103,0.88,0.12,0.68,200,200,24,136,312,88,1,0.8,0.85,0.05,False
E2B,google/gemma-4-E2B-it,all,0.92,400,0.6,0.565972222222,0.727272727273,0.32,0.564102564103,0.88,0.12,0.68,200,200,24,136,312,88,1,0.8,0.85,0.05,False
E2B,google/gemma-4-E2B-it,all,0.93,400,0.6,0.565972222222,0.727272727273,0.32,0.564102564103,0.88,0.12,0.68,200,200,24,136,312,88,1,0.8,0.85,0.05,False
E2B,google/gemma-4-E2B-it,all,0.94,400,0.6,0.565972222222,0.727272727273,0.32,0.564102564103,0.88,0.12,0.68,200,200,24,136,312,88,1,0.8,0.85,0.05,False
E2B,google/gemma-4-E2B-it,all,0.95,400,0.6,0.565972222222,0.727272727273,0.32,0.564102564103,0.88,0.12,0.68,200,200,24,136,312,88,1,0.8,0.85,0.05,False
E2B,google/gemma-4-E2B-it,all,0.96,400,0.51,0.355178312936,1,0.02,0.505050505051,1,0,0.98,200,200,0,196,396,4,1,0.8,0.85,0.05,False
E2B,google/gemma-4-E2B-it,all,0.97,400,0.51,0.355178312936,1,0.02,0.505050505051,1,0,0.98,200,200,0,196,396,4,1,0.8,0.85,0.05,False
E2B,google/gemma-4-E2B-it,all,0.98,400,0.51,0.355178312936,1,0.02,0.505050505051,1,0,0.98,200,200,0,196,396,4,1,0.8,0.85,0.05,False
E2B,google/gemma-4-E2B-it,all,0.99,400,0.51,0.355178312936,1,0.02,0.505050505051,1,0,0.98,200,200,0,196,396,4,1,0.8,0.85,0.05,False
E2B,google/gemma-4-E2B-it,all,1.00,400,0.51,0.355178312936,1,0.02,0.505050505051,1,0,0.98,200,200,0,196,396,4,1,0.8,0.85,0.05,False
E2B,google/gemma-4-E2B-it,personal_image_ham,0.00,200,0,0,0,0,0,0,1,0,200,0,200,0,0,200,1,0.8,0.85,0.05,False
E2B,google/gemma-4-E2B-it,personal_image_ham,0.01,200,0.05,0.047619047619,0,0,1,0.05,0.95,0,200,0,190,0,10,190,1,0.8,0.85,0.05,False
E2B,google/gemma-4-E2B-it,personal_image_ham,0.02,200,0.055,0.0521327014218,0,0,1,0.055,0.945,0,200,0,189,0,11,189,1,0.8,0.85,0.05,False
E2B,google/gemma-4-E2B-it,personal_image_ham,0.03,200,0.055,0.0521327014218,0,0,1,0.055,0.945,0,200,0,189,0,11,189,1,0.8,0.85,0.05,False
E2B,google/gemma-4-E2B-it,personal_image_ham,0.04,200,0.055,0.0521327014218,0,0,1,0.055,0.945,0,200,0,189,0,11,189,1,0.8,0.85,0.05,False
E2B,google/gemma-4-E2B-it,personal_image_ham,0.05,200,0.055,0.0521327014218,0,0,1,0.055,0.945,0,200,0,189,0,11,189,1,0.8,0.85,0.05,False
E2B,google/gemma-4-E2B-it,personal_image_ham,0.06,200,0.45,0.310344827586,0,0,1,0.45,0.55,0,200,0,110,0,90,110,1,0.8,0.85,0.05,False
E2B,google/gemma-4-E2B-it,personal_image_ham,0.07,200,0.45,0.310344827586,0,0,1,0.45,0.55,0,200,0,110,0,90,110,1,0.8,0.85,0.05,False
E2B,google/gemma-4-E2B-it,personal_image_ham,0.08,200,0.45,0.310344827586,0,0,1,0.45,0.55,0,200,0,110,0,90,110,1,0.8,0.85,0.05,False
E2B,google/gemma-4-E2B-it,personal_image_ham,0.09,200,0.45,0.310344827586,0,0,1,0.45,0.55,0,200,0,110,0,90,110,1,0.8,0.85,0.05,False
E2B,google/gemma-4-E2B-it,personal_image_ham,0.10,200,0.45,0.310344827586,0,0,1,0.45,0.55,0,200,0,110,0,90,110,1,0.8,0.85,0.05,False
E2B,google/gemma-4-E2B-it,personal_image_ham,0.11,200,0.45,0.310344827586,0,0,1,0.45,0.55,0,200,0,110,0,90,110,1,0.8,0.85,0.05,False
E2B,google/gemma-4-E2B-it,personal_image_ham,0.12,200,0.45,0.310344827586,0,0,1,0.45,0.55,0,200,0,110,0,90,110,1,0.8,0.85,0.05,False
E2B,google/gemma-4-E2B-it,personal_image_ham,0.13,200,0.45,0.310344827586,0,0,1,0.45,0.55,0,200,0,110,0,90,110,1,0.8,0.85,0.05,False
E2B,google/gemma-4-E2B-it,personal_image_ham,0.14,200,0.45,0.310344827586,0,0,1,0.45,0.55,0,200,0,110,0,90,110,1,0.8,0.85,0.05,False
E2B,google/gemma-4-E2B-it,personal_image_ham,0.15,200,0.45,0.310344827586,0,0,1,0.45,0.55,0,200,0,110,0,90,110,1,0.8,0.85,0.05,False
E2B,google/gemma-4-E2B-it,personal_image_ham,0.16,200,0.45,0.310344827586,0,0,1,0.45,0.55,0,200,0,110,0,90,110,1,0.8,0.85,0.05,False
E2B,google/gemma-4-E2B-it,personal_image_ham,0.17,200,0.45,0.310344827586,0,0,1,0.45,0.55,0,200,0,110,0,90,110,1,0.8,0.85,0.05,False
E2B,google/gemma-4-E2B-it,personal_image_ham,0.18,200,0.45,0.310344827586,0,0,1,0.45,0.55,0,200,0,110,0,90,110,1,0.8,0.85,0.05,False
E2B,google/gemma-4-E2B-it,personal_image_ham,0.19,200,0.45,0.310344827586,0,0,1,0.45,0.55,0,200,0,110,0,90,110,1,0.8,0.85,0.05,False
E2B,google/gemma-4-E2B-it,personal_image_ham,0.20,200,0.45,0.310344827586,0,0,1,0.45,0.55,0,200,0,110,0,90,110,1,0.8,0.85,0.05,False
E2B,google/gemma-4-E2B-it,personal_image_ham,0.21,200,0.45,0.310344827586,0,0,1,0.45,0.55,0,200,0,110,0,90,110,1,0.8,0.85,0.05,False
E2B,google/gemma-4-E2B-it,personal_image_ham,0.22,200,0.45,0.310344827586,0,0,1,0.45,0.55,0,200,0,110,0,90,110,1,0.8,0.85,0.05,False
E2B,google/gemma-4-E2B-it,personal_image_ham,0.23,200,0.45,0.310344827586,0,0,1,0.45,0.55,0,200,0,110,0,90,110,1,0.8,0.85,0.05,False
E2B,google/gemma-4-E2B-it,personal_image_ham,0.24,200,0.45,0.310344827586,0,0,1,0.45,0.55,0,200,0,110,0,90,110,1,0.8,0.85,0.05,False
E2B,google/gemma-4-E2B-it,personal_image_ham,0.25,200,0.45,0.310344827586,0,0,1,0.45,0.55,0,200,0,110,0,90,110,1,0.8,0.85,0.05,False
E2B,google/gemma-4-E2B-it,personal_image_ham,0.26,200,0.45,0.310344827586,0,0,1,0.45,0.55,0,200,0,110,0,90,110,1,0.8,0.85,0.05,False
E2B,google/gemma-4-E2B-it,personal_image_ham,0.27,200,0.45,0.310344827586,0,0,1,0.45,0.55,0,200,0,110,0,90,110,1,0.8,0.85,0.05,False
E2B,google/gemma-4-E2B-it,personal_image_ham,0.28,200,0.45,0.310344827586,0,0,1,0.45,0.55,0,200,0,110,0,90,110,1,0.8,0.85,0.05,False
E2B,google/gemma-4-E2B-it,personal_image_ham,0.29,200,0.45,0.310344827586,0,0,1,0.45,0.55,0,200,0,110,0,90,110,1,0.8,0.85,0.05,False
E2B,google/gemma-4-E2B-it,personal_image_ham,0.30,200,0.45,0.310344827586,0,0,1,0.45,0.55,0,200,0,110,0,90,110,1,0.8,0.85,0.05,False
E2B,google/gemma-4-E2B-it,personal_image_ham,0.31,200,0.45,0.310344827586,0,0,1,0.45,0.55,0,200,0,110,0,90,110,1,0.8,0.85,0.05,False
E2B,google/gemma-4-E2B-it,personal_image_ham,0.32,200,0.45,0.310344827586,0,0,1,0.45,0.55,0,200,0,110,0,90,110,1,0.8,0.85,0.05,False
E2B,google/gemma-4-E2B-it,personal_image_ham,0.33,200,0.45,0.310344827586,0,0,1,0.45,0.55,0,200,0,110,0,90,110,1,0.8,0.85,0.05,False
E2B,google/gemma-4-E2B-it,personal_image_ham,0.34,200,0.45,0.310344827586,0,0,1,0.45,0.55,0,200,0,110,0,90,110,1,0.8,0.85,0.05,False
E2B,google/gemma-4-E2B-it,personal_image_ham,0.35,200,0.45,0.310344827586,0,0,1,0.45,0.55,0,200,0,110,0,90,110,1,0.8,0.85,0.05,False
E2B,google/gemma-4-E2B-it,personal_image_ham,0.36,200,0.45,0.310344827586,0,0,1,0.45,0.55,0,200,0,110,0,90,110,1,0.8,0.85,0.05,False
E2B,google/gemma-4-E2B-it,personal_image_ham,0.37,200,0.45,0.310344827586,0,0,1,0.45,0.55,0,200,0,110,0,90,110,1,0.8,0.85,0.05,False
E2B,google/gemma-4-E2B-it,personal_image_ham,0.38,200,0.45,0.310344827586,0,0,1,0.45,0.55,0,200,0,110,0,90,110,1,0.8,0.85,0.05,False
E2B,google/gemma-4-E2B-it,personal_image_ham,0.39,200,0.45,0.310344827586,0,0,1,0.45,0.55,0,200,0,110,0,90,110,1,0.8,0.85,0.05,False
E2B,google/gemma-4-E2B-it,personal_image_ham,0.40,200,0.45,0.310344827586,0,0,1,0.45,0.55,0,200,0,110,0,90,110,1,0.8,0.85,0.05,False
E2B,google/gemma-4-E2B-it,personal_image_ham,0.41,200,0.45,0.310344827586,0,0,1,0.45,0.55,0,200,0,110,0,90,110,1,0.8,0.85,0.05,False
E2B,google/gemma-4-E2B-it,personal_image_ham,0.42,200,0.45,0.310344827586,0,0,1,0.45,0.55,0,200,0,110,0,90,110,1,0.8,0.85,0.05,False
E2B,google/gemma-4-E2B-it,personal_image_ham,0.43,200,0.45,0.310344827586,0,0,1,0.45,0.55,0,200,0,110,0,90,110,1,0.8,0.85,0.05,False
E2B,google/gemma-4-E2B-it,personal_image_ham,0.44,200,0.45,0.310344827586,0,0,1,0.45,0.55,0,200,0,110,0,90,110,1,0.8,0.85,0.05,False
E2B,google/gemma-4-E2B-it,personal_image_ham,0.45,200,0.45,0.310344827586,0,0,1,0.45,0.55,0,200,0,110,0,90,110,1,0.8,0.85,0.05,False
E2B,google/gemma-4-E2B-it,personal_image_ham,0.46,200,0.45,0.310344827586,0,0,1,0.45,0.55,0,200,0,110,0,90,110,1,0.8,0.85,0.05,False
E2B,google/gemma-4-E2B-it,personal_image_ham,0.47,200,0.45,0.310344827586,0,0,1,0.45,0.55,0,200,0,110,0,90,110,1,0.8,0.85,0.05,False
E2B,google/gemma-4-E2B-it,personal_image_ham,0.48,200,0.45,0.310344827586,0,0,1,0.45,0.55,0,200,0,110,0,90,110,1,0.8,0.85,0.05,False
E2B,google/gemma-4-E2B-it,personal_image_ham,0.49,200,0.45,0.310344827586,0,0,1,0.45,0.55,0,200,0,110,0,90,110,1,0.8,0.85,0.05,False
E2B,google/gemma-4-E2B-it,personal_image_ham,0.50,200,0.45,0.310344827586,0,0,1,0.45,0.55,0,200,0,110,0,90,110,1,0.8,0.85,0.05,False
E2B,google/gemma-4-E2B-it,personal_image_ham,0.51,200,0.45,0.310344827586,0,0,1,0.45,0.55,0,200,0,110,0,90,110,1,0.8,0.85,0.05,False
E2B,google/gemma-4-E2B-it,personal_image_ham,0.52,200,0.45,0.310344827586,0,0,1,0.45,0.55,0,200,0,110,0,90,110,1,0.8,0.85,0.05,False
E2B,google/gemma-4-E2B-it,personal_image_ham,0.53,200,0.45,0.310344827586,0,0,1,0.45,0.55,0,200,0,110,0,90,110,1,0.8,0.85,0.05,False
E2B,google/gemma-4-E2B-it,personal_image_ham,0.54,200,0.45,0.310344827586,0,0,1,0.45,0.55,0,200,0,110,0,90,110,1,0.8,0.85,0.05,False
E2B,google/gemma-4-E2B-it,personal_image_ham,0.55,200,0.45,0.310344827586,0,0,1,0.45,0.55,0,200,0,110,0,90,110,1,0.8,0.85,0.05,False
E2B,google/gemma-4-E2B-it,personal_image_ham,0.56,200,0.45,0.310344827586,0,0,1,0.45,0.55,0,200,0,110,0,90,110,1,0.8,0.85,0.05,False
E2B,google/gemma-4-E2B-it,personal_image_ham,0.57,200,0.45,0.310344827586,0,0,1,0.45,0.55,0,200,0,110,0,90,110,1,0.8,0.85,0.05,False
E2B,google/gemma-4-E2B-it,personal_image_ham,0.58,200,0.45,0.310344827586,0,0,1,0.45,0.55,0,200,0,110,0,90,110,1,0.8,0.85,0.05,False
E2B,google/gemma-4-E2B-it,personal_image_ham,0.59,200,0.45,0.310344827586,0,0,1,0.45,0.55,0,200,0,110,0,90,110,1,0.8,0.85,0.05,False
E2B,google/gemma-4-E2B-it,personal_image_ham,0.60,200,0.45,0.310344827586,0,0,1,0.45,0.55,0,200,0,110,0,90,110,1,0.8,0.85,0.05,False
E2B,google/gemma-4-E2B-it,personal_image_ham,0.61,200,0.45,0.310344827586,0,0,1,0.45,0.55,0,200,0,110,0,90,110,1,0.8,0.85,0.05,False
E2B,google/gemma-4-E2B-it,personal_image_ham,0.62,200,0.45,0.310344827586,0,0,1,0.45,0.55,0,200,0,110,0,90,110,1,0.8,0.85,0.05,False
E2B,google/gemma-4-E2B-it,personal_image_ham,0.63,200,0.45,0.310344827586,0,0,1,0.45,0.55,0,200,0,110,0,90,110,1,0.8,0.85,0.05,False
E2B,google/gemma-4-E2B-it,personal_image_ham,0.64,200,0.45,0.310344827586,0,0,1,0.45,0.55,0,200,0,110,0,90,110,1,0.8,0.85,0.05,False
E2B,google/gemma-4-E2B-it,personal_image_ham,0.65,200,0.45,0.310344827586,0,0,1,0.45,0.55,0,200,0,110,0,90,110,1,0.8,0.85,0.05,False
E2B,google/gemma-4-E2B-it,personal_image_ham,0.66,200,0.45,0.310344827586,0,0,1,0.45,0.55,0,200,0,110,0,90,110,1,0.8,0.85,0.05,False
E2B,google/gemma-4-E2B-it,personal_image_ham,0.67,200,0.45,0.310344827586,0,0,1,0.45,0.55,0,200,0,110,0,90,110,1,0.8,0.85,0.05,False
E2B,google/gemma-4-E2B-it,personal_image_ham,0.68,200,0.45,0.310344827586,0,0,1,0.45,0.55,0,200,0,110,0,90,110,1,0.8,0.85,0.05,False
E2B,google/gemma-4-E2B-it,personal_image_ham,0.69,200,0.45,0.310344827586,0,0,1,0.45,0.55,0,200,0,110,0,90,110,1,0.8,0.85,0.05,False
E2B,google/gemma-4-E2B-it,personal_image_ham,0.70,200,0.45,0.310344827586,0,0,1,0.45,0.55,0,200,0,110,0,90,110,1,0.8,0.85,0.05,False
E2B,google/gemma-4-E2B-it,personal_image_ham,0.71,200,0.45,0.310344827586,0,0,1,0.45,0.55,0,200,0,110,0,90,110,1,0.8,0.85,0.05,False
E2B,google/gemma-4-E2B-it,personal_image_ham,0.72,200,0.45,0.310344827586,0,0,1,0.45,0.55,0,200,0,110,0,90,110,1,0.8,0.85,0.05,False
E2B,google/gemma-4-E2B-it,personal_image_ham,0.73,200,0.45,0.310344827586,0,0,1,0.45,0.55,0,200,0,110,0,90,110,1,0.8,0.85,0.05,False
E2B,google/gemma-4-E2B-it,personal_image_ham,0.74,200,0.45,0.310344827586,0,0,1,0.45,0.55,0,200,0,110,0,90,110,1,0.8,0.85,0.05,False
E2B,google/gemma-4-E2B-it,personal_image_ham,0.75,200,0.45,0.310344827586,0,0,1,0.45,0.55,0,200,0,110,0,90,110,1,0.8,0.85,0.05,False
E2B,google/gemma-4-E2B-it,personal_image_ham,0.76,200,0.45,0.310344827586,0,0,1,0.45,0.55,0,200,0,110,0,90,110,1,0.8,0.85,0.05,False
E2B,google/gemma-4-E2B-it,personal_image_ham,0.77,200,0.45,0.310344827586,0,0,1,0.45,0.55,0,200,0,110,0,90,110,1,0.8,0.85,0.05,False
E2B,google/gemma-4-E2B-it,personal_image_ham,0.78,200,0.45,0.310344827586,0,0,1,0.45,0.55,0,200,0,110,0,90,110,1,0.8,0.85,0.05,False
E2B,google/gemma-4-E2B-it,personal_image_ham,0.79,200,0.45,0.310344827586,0,0,1,0.45,0.55,0,200,0,110,0,90,110,1,0.8,0.85,0.05,False
E2B,google/gemma-4-E2B-it,personal_image_ham,0.80,200,0.45,0.310344827586,0,0,1,0.45,0.55,0,200,0,110,0,90,110,1,0.8,0.85,0.05,False
E2B,google/gemma-4-E2B-it,personal_image_ham,0.81,200,0.45,0.310344827586,0,0,1,0.45,0.55,0,200,0,110,0,90,110,1,0.8,0.85,0.05,False
E2B,google/gemma-4-E2B-it,personal_image_ham,0.82,200,0.45,0.310344827586,0,0,1,0.45,0.55,0,200,0,110,0,90,110,1,0.8,0.85,0.05,False
E2B,google/gemma-4-E2B-it,personal_image_ham,0.83,200,0.45,0.310344827586,0,0,1,0.45,0.55,0,200,0,110,0,90,110,1,0.8,0.85,0.05,False
E2B,google/gemma-4-E2B-it,personal_image_ham,0.84,200,0.45,0.310344827586,0,0,1,0.45,0.55,0,200,0,110,0,90,110,1,0.8,0.85,0.05,False
E2B,google/gemma-4-E2B-it,personal_image_ham,0.85,200,0.45,0.310344827586,0,0,1,0.45,0.55,0,200,0,110,0,90,110,1,0.8,0.85,0.05,False
E2B,google/gemma-4-E2B-it,personal_image_ham,0.86,200,0.45,0.310344827586,0,0,1,0.45,0.55,0,200,0,110,0,90,110,1,0.8,0.85,0.05,False
E2B,google/gemma-4-E2B-it,personal_image_ham,0.87,200,0.45,0.310344827586,0,0,1,0.45,0.55,0,200,0,110,0,90,110,1,0.8,0.85,0.05,False
E2B,google/gemma-4-E2B-it,personal_image_ham,0.88,200,0.45,0.310344827586,0,0,1,0.45,0.55,0,200,0,110,0,90,110,1,0.8,0.85,0.05,False
E2B,google/gemma-4-E2B-it,personal_image_ham,0.89,200,0.45,0.310344827586,0,0,1,0.45,0.55,0,200,0,110,0,90,110,1,0.8,0.85,0.05,False
E2B,google/gemma-4-E2B-it,personal_image_ham,0.90,200,0.45,0.310344827586,0,0,1,0.45,0.55,0,200,0,110,0,90,110,1,0.8,0.85,0.05,False
E2B,google/gemma-4-E2B-it,personal_image_ham,0.91,200,0.88,0.468085106383,0,0,1,0.88,0.12,0,200,0,24,0,176,24,1,0.8,0.85,0.05,False
E2B,google/gemma-4-E2B-it,personal_image_ham,0.92,200,0.88,0.468085106383,0,0,1,0.88,0.12,0,200,0,24,0,176,24,1,0.8,0.85,0.05,False
E2B,google/gemma-4-E2B-it,personal_image_ham,0.93,200,0.88,0.468085106383,0,0,1,0.88,0.12,0,200,0,24,0,176,24,1,0.8,0.85,0.05,False
E2B,google/gemma-4-E2B-it,personal_image_ham,0.94,200,0.88,0.468085106383,0,0,1,0.88,0.12,0,200,0,24,0,176,24,1,0.8,0.85,0.05,False
E2B,google/gemma-4-E2B-it,personal_image_ham,0.95,200,0.88,0.468085106383,0,0,1,0.88,0.12,0,200,0,24,0,176,24,1,0.8,0.85,0.05,False
E2B,google/gemma-4-E2B-it,personal_image_ham,0.96,200,1,0.5,0,0,1,1,0,0,200,0,0,0,200,0,1,0.8,0.85,0.05,False
E2B,google/gemma-4-E2B-it,personal_image_ham,0.97,200,1,0.5,0,0,1,1,0,0,200,0,0,0,200,0,1,0.8,0.85,0.05,False
E2B,google/gemma-4-E2B-it,personal_image_ham,0.98,200,1,0.5,0,0,1,1,0,0,200,0,0,0,200,0,1,0.8,0.85,0.05,False
E2B,google/gemma-4-E2B-it,personal_image_ham,0.99,200,1,0.5,0,0,1,1,0,0,200,0,0,0,200,0,1,0.8,0.85,0.05,False
E2B,google/gemma-4-E2B-it,personal_image_ham,1.00,200,1,0.5,0,0,1,1,0,0,200,0,0,0,200,0,1,0.8,0.85,0.05,False
E2B,google/gemma-4-E2B-it,personal_image_spam,0.00,200,1,0.5,1,1,0,0,0,0,0,200,0,0,0,200,1,0.8,0.85,0.05,False
E2B,google/gemma-4-E2B-it,personal_image_spam,0.01,200,1,0.5,1,1,0,0,0,0,0,200,0,0,0,200,1,0.8,0.85,0.05,False
E2B,google/gemma-4-E2B-it,personal_image_spam,0.02,200,0.965,0.491094147583,1,0.965,0,0,0,0.035,0,200,0,7,7,193,1,0.8,0.85,0.05,False
E2B,google/gemma-4-E2B-it,personal_image_spam,0.03,200,0.965,0.491094147583,1,0.965,0,0,0,0.035,0,200,0,7,7,193,1,0.8,0.85,0.05,False
E2B,google/gemma-4-E2B-it,personal_image_spam,0.04,200,0.965,0.491094147583,1,0.965,0,0,0,0.035,0,200,0,7,7,193,1,0.8,0.85,0.05,False
E2B,google/gemma-4-E2B-it,personal_image_spam,0.05,200,0.965,0.491094147583,1,0.965,0,0,0,0.035,0,200,0,7,7,193,1,0.8,0.85,0.05,False
E2B,google/gemma-4-E2B-it,personal_image_spam,0.06,200,0.87,0.465240641711,1,0.87,0,0,0,0.13,0,200,0,26,26,174,1,0.8,0.85,0.05,False
E2B,google/gemma-4-E2B-it,personal_image_spam,0.07,200,0.87,0.465240641711,1,0.87,0,0,0,0.13,0,200,0,26,26,174,1,0.8,0.85,0.05,False
E2B,google/gemma-4-E2B-it,personal_image_spam,0.08,200,0.87,0.465240641711,1,0.87,0,0,0,0.13,0,200,0,26,26,174,1,0.8,0.85,0.05,False
E2B,google/gemma-4-E2B-it,personal_image_spam,0.09,200,0.87,0.465240641711,1,0.87,0,0,0,0.13,0,200,0,26,26,174,1,0.8,0.85,0.05,False
E2B,google/gemma-4-E2B-it,personal_image_spam,0.10,200,0.87,0.465240641711,1,0.87,0,0,0,0.13,0,200,0,26,26,174,1,0.8,0.85,0.05,False
E2B,google/gemma-4-E2B-it,personal_image_spam,0.11,200,0.87,0.465240641711,1,0.87,0,0,0,0.13,0,200,0,26,26,174,1,0.8,0.85,0.05,False
E2B,google/gemma-4-E2B-it,personal_image_spam,0.12,200,0.87,0.465240641711,1,0.87,0,0,0,0.13,0,200,0,26,26,174,1,0.8,0.85,0.05,False
E2B,google/gemma-4-E2B-it,personal_image_spam,0.13,200,0.87,0.465240641711,1,0.87,0,0,0,0.13,0,200,0,26,26,174,1,0.8,0.85,0.05,False
E2B,google/gemma-4-E2B-it,personal_image_spam,0.14,200,0.87,0.465240641711,1,0.87,0,0,0,0.13,0,200,0,26,26,174,1,0.8,0.85,0.05,False
E2B,google/gemma-4-E2B-it,personal_image_spam,0.15,200,0.87,0.465240641711,1,0.87,0,0,0,0.13,0,200,0,26,26,174,1,0.8,0.85,0.05,False
E2B,google/gemma-4-E2B-it,personal_image_spam,0.16,200,0.87,0.465240641711,1,0.87,0,0,0,0.13,0,200,0,26,26,174,1,0.8,0.85,0.05,False
E2B,google/gemma-4-E2B-it,personal_image_spam,0.17,200,0.87,0.465240641711,1,0.87,0,0,0,0.13,0,200,0,26,26,174,1,0.8,0.85,0.05,False
E2B,google/gemma-4-E2B-it,personal_image_spam,0.18,200,0.87,0.465240641711,1,0.87,0,0,0,0.13,0,200,0,26,26,174,1,0.8,0.85,0.05,False
E2B,google/gemma-4-E2B-it,personal_image_spam,0.19,200,0.87,0.465240641711,1,0.87,0,0,0,0.13,0,200,0,26,26,174,1,0.8,0.85,0.05,False
E2B,google/gemma-4-E2B-it,personal_image_spam,0.20,200,0.87,0.465240641711,1,0.87,0,0,0,0.13,0,200,0,26,26,174,1,0.8,0.85,0.05,False
E2B,google/gemma-4-E2B-it,personal_image_spam,0.21,200,0.87,0.465240641711,1,0.87,0,0,0,0.13,0,200,0,26,26,174,1,0.8,0.85,0.05,False
E2B,google/gemma-4-E2B-it,personal_image_spam,0.22,200,0.87,0.465240641711,1,0.87,0,0,0,0.13,0,200,0,26,26,174,1,0.8,0.85,0.05,False
E2B,google/gemma-4-E2B-it,personal_image_spam,0.23,200,0.87,0.465240641711,1,0.87,0,0,0,0.13,0,200,0,26,26,174,1,0.8,0.85,0.05,False
E2B,google/gemma-4-E2B-it,personal_image_spam,0.24,200,0.87,0.465240641711,1,0.87,0,0,0,0.13,0,200,0,26,26,174,1,0.8,0.85,0.05,False
E2B,google/gemma-4-E2B-it,personal_image_spam,0.25,200,0.87,0.465240641711,1,0.87,0,0,0,0.13,0,200,0,26,26,174,1,0.8,0.85,0.05,False
E2B,google/gemma-4-E2B-it,personal_image_spam,0.26,200,0.87,0.465240641711,1,0.87,0,0,0,0.13,0,200,0,26,26,174,1,0.8,0.85,0.05,False
E2B,google/gemma-4-E2B-it,personal_image_spam,0.27,200,0.87,0.465240641711,1,0.87,0,0,0,0.13,0,200,0,26,26,174,1,0.8,0.85,0.05,False
E2B,google/gemma-4-E2B-it,personal_image_spam,0.28,200,0.87,0.465240641711,1,0.87,0,0,0,0.13,0,200,0,26,26,174,1,0.8,0.85,0.05,False
E2B,google/gemma-4-E2B-it,personal_image_spam,0.29,200,0.87,0.465240641711,1,0.87,0,0,0,0.13,0,200,0,26,26,174,1,0.8,0.85,0.05,False
E2B,google/gemma-4-E2B-it,personal_image_spam,0.30,200,0.87,0.465240641711,1,0.87,0,0,0,0.13,0,200,0,26,26,174,1,0.8,0.85,0.05,False
E2B,google/gemma-4-E2B-it,personal_image_spam,0.31,200,0.87,0.465240641711,1,0.87,0,0,0,0.13,0,200,0,26,26,174,1,0.8,0.85,0.05,False
E2B,google/gemma-4-E2B-it,personal_image_spam,0.32,200,0.87,0.465240641711,1,0.87,0,0,0,0.13,0,200,0,26,26,174,1,0.8,0.85,0.05,False
E2B,google/gemma-4-E2B-it,personal_image_spam,0.33,200,0.87,0.465240641711,1,0.87,0,0,0,0.13,0,200,0,26,26,174,1,0.8,0.85,0.05,False
E2B,google/gemma-4-E2B-it,personal_image_spam,0.34,200,0.87,0.465240641711,1,0.87,0,0,0,0.13,0,200,0,26,26,174,1,0.8,0.85,0.05,False
E2B,google/gemma-4-E2B-it,personal_image_spam,0.35,200,0.87,0.465240641711,1,0.87,0,0,0,0.13,0,200,0,26,26,174,1,0.8,0.85,0.05,False
E2B,google/gemma-4-E2B-it,personal_image_spam,0.36,200,0.87,0.465240641711,1,0.87,0,0,0,0.13,0,200,0,26,26,174,1,0.8,0.85,0.05,False
E2B,google/gemma-4-E2B-it,personal_image_spam,0.37,200,0.87,0.465240641711,1,0.87,0,0,0,0.13,0,200,0,26,26,174,1,0.8,0.85,0.05,False
E2B,google/gemma-4-E2B-it,personal_image_spam,0.38,200,0.87,0.465240641711,1,0.87,0,0,0,0.13,0,200,0,26,26,174,1,0.8,0.85,0.05,False
E2B,google/gemma-4-E2B-it,personal_image_spam,0.39,200,0.87,0.465240641711,1,0.87,0,0,0,0.13,0,200,0,26,26,174,1,0.8,0.85,0.05,False
E2B,google/gemma-4-E2B-it,personal_image_spam,0.40,200,0.87,0.465240641711,1,0.87,0,0,0,0.13,0,200,0,26,26,174,1,0.8,0.85,0.05,False
E2B,google/gemma-4-E2B-it,personal_image_spam,0.41,200,0.87,0.465240641711,1,0.87,0,0,0,0.13,0,200,0,26,26,174,1,0.8,0.85,0.05,False
E2B,google/gemma-4-E2B-it,personal_image_spam,0.42,200,0.87,0.465240641711,1,0.87,0,0,0,0.13,0,200,0,26,26,174,1,0.8,0.85,0.05,False
E2B,google/gemma-4-E2B-it,personal_image_spam,0.43,200,0.87,0.465240641711,1,0.87,0,0,0,0.13,0,200,0,26,26,174,1,0.8,0.85,0.05,False
E2B,google/gemma-4-E2B-it,personal_image_spam,0.44,200,0.87,0.465240641711,1,0.87,0,0,0,0.13,0,200,0,26,26,174,1,0.8,0.85,0.05,False
E2B,google/gemma-4-E2B-it,personal_image_spam,0.45,200,0.87,0.465240641711,1,0.87,0,0,0,0.13,0,200,0,26,26,174,1,0.8,0.85,0.05,False
E2B,google/gemma-4-E2B-it,personal_image_spam,0.46,200,0.87,0.465240641711,1,0.87,0,0,0,0.13,0,200,0,26,26,174,1,0.8,0.85,0.05,False
E2B,google/gemma-4-E2B-it,personal_image_spam,0.47,200,0.87,0.465240641711,1,0.87,0,0,0,0.13,0,200,0,26,26,174,1,0.8,0.85,0.05,False
E2B,google/gemma-4-E2B-it,personal_image_spam,0.48,200,0.87,0.465240641711,1,0.87,0,0,0,0.13,0,200,0,26,26,174,1,0.8,0.85,0.05,False
E2B,google/gemma-4-E2B-it,personal_image_spam,0.49,200,0.87,0.465240641711,1,0.87,0,0,0,0.13,0,200,0,26,26,174,1,0.8,0.85,0.05,False
E2B,google/gemma-4-E2B-it,personal_image_spam,0.50,200,0.87,0.465240641711,1,0.87,0,0,0,0.13,0,200,0,26,26,174,1,0.8,0.85,0.05,False
E2B,google/gemma-4-E2B-it,personal_image_spam,0.51,200,0.87,0.465240641711,1,0.87,0,0,0,0.13,0,200,0,26,26,174,1,0.8,0.85,0.05,False
E2B,google/gemma-4-E2B-it,personal_image_spam,0.52,200,0.87,0.465240641711,1,0.87,0,0,0,0.13,0,200,0,26,26,174,1,0.8,0.85,0.05,False
E2B,google/gemma-4-E2B-it,personal_image_spam,0.53,200,0.87,0.465240641711,1,0.87,0,0,0,0.13,0,200,0,26,26,174,1,0.8,0.85,0.05,False
E2B,google/gemma-4-E2B-it,personal_image_spam,0.54,200,0.87,0.465240641711,1,0.87,0,0,0,0.13,0,200,0,26,26,174,1,0.8,0.85,0.05,False
E2B,google/gemma-4-E2B-it,personal_image_spam,0.55,200,0.87,0.465240641711,1,0.87,0,0,0,0.13,0,200,0,26,26,174,1,0.8,0.85,0.05,False
E2B,google/gemma-4-E2B-it,personal_image_spam,0.56,200,0.87,0.465240641711,1,0.87,0,0,0,0.13,0,200,0,26,26,174,1,0.8,0.85,0.05,False
E2B,google/gemma-4-E2B-it,personal_image_spam,0.57,200,0.87,0.465240641711,1,0.87,0,0,0,0.13,0,200,0,26,26,174,1,0.8,0.85,0.05,False
E2B,google/gemma-4-E2B-it,personal_image_spam,0.58,200,0.87,0.465240641711,1,0.87,0,0,0,0.13,0,200,0,26,26,174,1,0.8,0.85,0.05,False
E2B,google/gemma-4-E2B-it,personal_image_spam,0.59,200,0.87,0.465240641711,1,0.87,0,0,0,0.13,0,200,0,26,26,174,1,0.8,0.85,0.05,False
E2B,google/gemma-4-E2B-it,personal_image_spam,0.60,200,0.87,0.465240641711,1,0.87,0,0,0,0.13,0,200,0,26,26,174,1,0.8,0.85,0.05,False
E2B,google/gemma-4-E2B-it,personal_image_spam,0.61,200,0.87,0.465240641711,1,0.87,0,0,0,0.13,0,200,0,26,26,174,1,0.8,0.85,0.05,False
E2B,google/gemma-4-E2B-it,personal_image_spam,0.62,200,0.87,0.465240641711,1,0.87,0,0,0,0.13,0,200,0,26,26,174,1,0.8,0.85,0.05,False
E2B,google/gemma-4-E2B-it,personal_image_spam,0.63,200,0.87,0.465240641711,1,0.87,0,0,0,0.13,0,200,0,26,26,174,1,0.8,0.85,0.05,False
E2B,google/gemma-4-E2B-it,personal_image_spam,0.64,200,0.87,0.465240641711,1,0.87,0,0,0,0.13,0,200,0,26,26,174,1,0.8,0.85,0.05,False
E2B,google/gemma-4-E2B-it,personal_image_spam,0.65,200,0.87,0.465240641711,1,0.87,0,0,0,0.13,0,200,0,26,26,174,1,0.8,0.85,0.05,False
E2B,google/gemma-4-E2B-it,personal_image_spam,0.66,200,0.87,0.465240641711,1,0.87,0,0,0,0.13,0,200,0,26,26,174,1,0.8,0.85,0.05,False
E2B,google/gemma-4-E2B-it,personal_image_spam,0.67,200,0.87,0.465240641711,1,0.87,0,0,0,0.13,0,200,0,26,26,174,1,0.8,0.85,0.05,False
E2B,google/gemma-4-E2B-it,personal_image_spam,0.68,200,0.87,0.465240641711,1,0.87,0,0,0,0.13,0,200,0,26,26,174,1,0.8,0.85,0.05,False
E2B,google/gemma-4-E2B-it,personal_image_spam,0.69,200,0.87,0.465240641711,1,0.87,0,0,0,0.13,0,200,0,26,26,174,1,0.8,0.85,0.05,False
E2B,google/gemma-4-E2B-it,personal_image_spam,0.70,200,0.87,0.465240641711,1,0.87,0,0,0,0.13,0,200,0,26,26,174,1,0.8,0.85,0.05,False
E2B,google/gemma-4-E2B-it,personal_image_spam,0.71,200,0.87,0.465240641711,1,0.87,0,0,0,0.13,0,200,0,26,26,174,1,0.8,0.85,0.05,False
E2B,google/gemma-4-E2B-it,personal_image_spam,0.72,200,0.87,0.465240641711,1,0.87,0,0,0,0.13,0,200,0,26,26,174,1,0.8,0.85,0.05,False
E2B,google/gemma-4-E2B-it,personal_image_spam,0.73,200,0.87,0.465240641711,1,0.87,0,0,0,0.13,0,200,0,26,26,174,1,0.8,0.85,0.05,False
E2B,google/gemma-4-E2B-it,personal_image_spam,0.74,200,0.87,0.465240641711,1,0.87,0,0,0,0.13,0,200,0,26,26,174,1,0.8,0.85,0.05,False
E2B,google/gemma-4-E2B-it,personal_image_spam,0.75,200,0.87,0.465240641711,1,0.87,0,0,0,0.13,0,200,0,26,26,174,1,0.8,0.85,0.05,False
E2B,google/gemma-4-E2B-it,personal_image_spam,0.76,200,0.87,0.465240641711,1,0.87,0,0,0,0.13,0,200,0,26,26,174,1,0.8,0.85,0.05,False
E2B,google/gemma-4-E2B-it,personal_image_spam,0.77,200,0.87,0.465240641711,1,0.87,0,0,0,0.13,0,200,0,26,26,174,1,0.8,0.85,0.05,False
E2B,google/gemma-4-E2B-it,personal_image_spam,0.78,200,0.87,0.465240641711,1,0.87,0,0,0,0.13,0,200,0,26,26,174,1,0.8,0.85,0.05,False
E2B,google/gemma-4-E2B-it,personal_image_spam,0.79,200,0.87,0.465240641711,1,0.87,0,0,0,0.13,0,200,0,26,26,174,1,0.8,0.85,0.05,False
E2B,google/gemma-4-E2B-it,personal_image_spam,0.80,200,0.87,0.465240641711,1,0.87,0,0,0,0.13,0,200,0,26,26,174,1,0.8,0.85,0.05,False
E2B,google/gemma-4-E2B-it,personal_image_spam,0.81,200,0.87,0.465240641711,1,0.87,0,0,0,0.13,0,200,0,26,26,174,1,0.8,0.85,0.05,False
E2B,google/gemma-4-E2B-it,personal_image_spam,0.82,200,0.87,0.465240641711,1,0.87,0,0,0,0.13,0,200,0,26,26,174,1,0.8,0.85,0.05,False
E2B,google/gemma-4-E2B-it,personal_image_spam,0.83,200,0.87,0.465240641711,1,0.87,0,0,0,0.13,0,200,0,26,26,174,1,0.8,0.85,0.05,False
E2B,google/gemma-4-E2B-it,personal_image_spam,0.84,200,0.87,0.465240641711,1,0.87,0,0,0,0.13,0,200,0,26,26,174,1,0.8,0.85,0.05,False
E2B,google/gemma-4-E2B-it,personal_image_spam,0.85,200,0.87,0.465240641711,1,0.87,0,0,0,0.13,0,200,0,26,26,174,1,0.8,0.85,0.05,False
E2B,google/gemma-4-E2B-it,personal_image_spam,0.86,200,0.87,0.465240641711,1,0.87,0,0,0,0.13,0,200,0,26,26,174,1,0.8,0.85,0.05,False
E2B,google/gemma-4-E2B-it,personal_image_spam,0.87,200,0.87,0.465240641711,1,0.87,0,0,0,0.13,0,200,0,26,26,174,1,0.8,0.85,0.05,False
E2B,google/gemma-4-E2B-it,personal_image_spam,0.88,200,0.87,0.465240641711,1,0.87,0,0,0,0.13,0,200,0,26,26,174,1,0.8,0.85,0.05,False
E2B,google/gemma-4-E2B-it,personal_image_spam,0.89,200,0.87,0.465240641711,1,0.87,0,0,0,0.13,0,200,0,26,26,174,1,0.8,0.85,0.05,False
E2B,google/gemma-4-E2B-it,personal_image_spam,0.90,200,0.87,0.465240641711,1,0.87,0,0,0,0.13,0,200,0,26,26,174,1,0.8,0.85,0.05,False
E2B,google/gemma-4-E2B-it,personal_image_spam,0.91,200,0.32,0.242424242424,1,0.32,0,0,0,0.68,0,200,0,136,136,64,1,0.8,0.85,0.05,False
E2B,google/gemma-4-E2B-it,personal_image_spam,0.92,200,0.32,0.242424242424,1,0.32,0,0,0,0.68,0,200,0,136,136,64,1,0.8,0.85,0.05,False
E2B,google/gemma-4-E2B-it,personal_image_spam,0.93,200,0.32,0.242424242424,1,0.32,0,0,0,0.68,0,200,0,136,136,64,1,0.8,0.85,0.05,False
E2B,google/gemma-4-E2B-it,personal_image_spam,0.94,200,0.32,0.242424242424,1,0.32,0,0,0,0.68,0,200,0,136,136,64,1,0.8,0.85,0.05,False
E2B,google/gemma-4-E2B-it,personal_image_spam,0.95,200,0.32,0.242424242424,1,0.32,0,0,0,0.68,0,200,0,136,136,64,1,0.8,0.85,0.05,False
E2B,google/gemma-4-E2B-it,personal_image_spam,0.96,200,0.02,0.0196078431373,1,0.02,0,0,0,0.98,0,200,0,196,196,4,1,0.8,0.85,0.05,False
E2B,google/gemma-4-E2B-it,personal_image_spam,0.97,200,0.02,0.0196078431373,1,0.02,0,0,0,0.98,0,200,0,196,196,4,1,0.8,0.85,0.05,False
E2B,google/gemma-4-E2B-it,personal_image_spam,0.98,200,0.02,0.0196078431373,1,0.02,0,0,0,0.98,0,200,0,196,196,4,1,0.8,0.85,0.05,False
E2B,google/gemma-4-E2B-it,personal_image_spam,0.99,200,0.02,0.0196078431373,1,0.02,0,0,0,0.98,0,200,0,196,196,4,1,0.8,0.85,0.05,False
E2B,google/gemma-4-E2B-it,personal_image_spam,1.00,200,0.02,0.0196078431373,1,0.02,0,0,0,0.98,0,200,0,196,196,4,1,0.8,0.85,0.05,False
E4B,google/gemma-4-E4B-it,all,0.00,210,0.509523809524,0.337539432177,0.509523809524,1,0,0,1,0,103,107,103,0,0,210,0.995238095238,0.8,0.85,0.05,False
E4B,google/gemma-4-E4B-it,all,0.01,210,0.461904761905,0.45416906268,0.461538461538,0.336448598131,0.462121212121,0.592233009709,0.407766990291,0.663551401869,103,107,42,71,132,78,0.995238095238,0.8,0.85,0.05,False
E4B,google/gemma-4-E4B-it,all,0.02,210,0.542857142857,0.521866995541,0.593220338983,0.327102803738,0.523178807947,0.766990291262,0.233009708738,0.672897196262,103,107,24,72,151,59,0.995238095238,0.8,0.85,0.05,False
E4B,google/gemma-4-E4B-it,all,0.03,210,0.580952380952,0.543703703704,0.720930232558,0.289719626168,0.544910179641,0.883495145631,0.116504854369,0.710280373832,103,107,12,76,167,43,0.995238095238,0.8,0.85,0.05,False
E4B,google/gemma-4-E4B-it,all,0.04,210,0.580952380952,0.543703703704,0.720930232558,0.289719626168,0.544910179641,0.883495145631,0.116504854369,0.710280373832,103,107,12,76,167,43,0.995238095238,0.8,0.85,0.05,False
E4B,google/gemma-4-E4B-it,all,0.05,210,0.580952380952,0.543703703704,0.720930232558,0.289719626168,0.544910179641,0.883495145631,0.116504854369,0.710280373832,103,107,12,76,167,43,0.995238095238,0.8,0.85,0.05,False
E4B,google/gemma-4-E4B-it,all,0.06,210,0.585714285714,0.544740973312,0.75,0.280373831776,0.547058823529,0.902912621359,0.0970873786408,0.719626168224,103,107,10,77,170,40,0.995238095238,0.8,0.85,0.05,False
E4B,google/gemma-4-E4B-it,all,0.07,210,0.585714285714,0.544740973312,0.75,0.280373831776,0.547058823529,0.902912621359,0.0970873786408,0.719626168224,103,107,10,77,170,40,0.995238095238,0.8,0.85,0.05,False
E4B,google/gemma-4-E4B-it,all,0.08,210,0.585714285714,0.544740973312,0.75,0.280373831776,0.547058823529,0.902912621359,0.0970873786408,0.719626168224,103,107,10,77,170,40,0.995238095238,0.8,0.85,0.05,False
E4B,google/gemma-4-E4B-it,all,0.09,210,0.585714285714,0.544740973312,0.75,0.280373831776,0.547058823529,0.902912621359,0.0970873786408,0.719626168224,103,107,10,77,170,40,0.995238095238,0.8,0.85,0.05,False
E4B,google/gemma-4-E4B-it,all,0.10,210,0.585714285714,0.544740973312,0.75,0.280373831776,0.547058823529,0.902912621359,0.0970873786408,0.719626168224,103,107,10,77,170,40,0.995238095238,0.8,0.85,0.05,False
E4B,google/gemma-4-E4B-it,all,0.11,210,0.585714285714,0.544740973312,0.75,0.280373831776,0.547058823529,0.902912621359,0.0970873786408,0.719626168224,103,107,10,77,170,40,0.995238095238,0.8,0.85,0.05,False
E4B,google/gemma-4-E4B-it,all,0.12,210,0.585714285714,0.544740973312,0.75,0.280373831776,0.547058823529,0.902912621359,0.0970873786408,0.719626168224,103,107,10,77,170,40,0.995238095238,0.8,0.85,0.05,False
E4B,google/gemma-4-E4B-it,all,0.13,210,0.585714285714,0.544740973312,0.75,0.280373831776,0.547058823529,0.902912621359,0.0970873786408,0.719626168224,103,107,10,77,170,40,0.995238095238,0.8,0.85,0.05,False
E4B,google/gemma-4-E4B-it,all,0.14,210,0.585714285714,0.544740973312,0.75,0.280373831776,0.547058823529,0.902912621359,0.0970873786408,0.719626168224,103,107,10,77,170,40,0.995238095238,0.8,0.85,0.05,False
E4B,google/gemma-4-E4B-it,all,0.15,210,0.585714285714,0.544740973312,0.75,0.280373831776,0.547058823529,0.902912621359,0.0970873786408,0.719626168224,103,107,10,77,170,40,0.995238095238,0.8,0.85,0.05,False
E4B,google/gemma-4-E4B-it,all,0.16,210,0.585714285714,0.544740973312,0.75,0.280373831776,0.547058823529,0.902912621359,0.0970873786408,0.719626168224,103,107,10,77,170,40,0.995238095238,0.8,0.85,0.05,False
E4B,google/gemma-4-E4B-it,all,0.17,210,0.585714285714,0.544740973312,0.75,0.280373831776,0.547058823529,0.902912621359,0.0970873786408,0.719626168224,103,107,10,77,170,40,0.995238095238,0.8,0.85,0.05,False
E4B,google/gemma-4-E4B-it,all,0.18,210,0.585714285714,0.544740973312,0.75,0.280373831776,0.547058823529,0.902912621359,0.0970873786408,0.719626168224,103,107,10,77,170,40,0.995238095238,0.8,0.85,0.05,False
E4B,google/gemma-4-E4B-it,all,0.19,210,0.585714285714,0.544740973312,0.75,0.280373831776,0.547058823529,0.902912621359,0.0970873786408,0.719626168224,103,107,10,77,170,40,0.995238095238,0.8,0.85,0.05,False
E4B,google/gemma-4-E4B-it,all,0.20,210,0.585714285714,0.544740973312,0.75,0.280373831776,0.547058823529,0.902912621359,0.0970873786408,0.719626168224,103,107,10,77,170,40,0.995238095238,0.8,0.85,0.05,False
E4B,google/gemma-4-E4B-it,all,0.21,210,0.585714285714,0.544740973312,0.75,0.280373831776,0.547058823529,0.902912621359,0.0970873786408,0.719626168224,103,107,10,77,170,40,0.995238095238,0.8,0.85,0.05,False
E4B,google/gemma-4-E4B-it,all,0.22,210,0.585714285714,0.544740973312,0.75,0.280373831776,0.547058823529,0.902912621359,0.0970873786408,0.719626168224,103,107,10,77,170,40,0.995238095238,0.8,0.85,0.05,False
E4B,google/gemma-4-E4B-it,all,0.23,210,0.585714285714,0.544740973312,0.75,0.280373831776,0.547058823529,0.902912621359,0.0970873786408,0.719626168224,103,107,10,77,170,40,0.995238095238,0.8,0.85,0.05,False
E4B,google/gemma-4-E4B-it,all,0.24,210,0.585714285714,0.544740973312,0.75,0.280373831776,0.547058823529,0.902912621359,0.0970873786408,0.719626168224,103,107,10,77,170,40,0.995238095238,0.8,0.85,0.05,False
E4B,google/gemma-4-E4B-it,all,0.25,210,0.585714285714,0.544740973312,0.75,0.280373831776,0.547058823529,0.902912621359,0.0970873786408,0.719626168224,103,107,10,77,170,40,0.995238095238,0.8,0.85,0.05,False
E4B,google/gemma-4-E4B-it,all,0.26,210,0.585714285714,0.544740973312,0.75,0.280373831776,0.547058823529,0.902912621359,0.0970873786408,0.719626168224,103,107,10,77,170,40,0.995238095238,0.8,0.85,0.05,False
E4B,google/gemma-4-E4B-it,all,0.27,210,0.585714285714,0.544740973312,0.75,0.280373831776,0.547058823529,0.902912621359,0.0970873786408,0.719626168224,103,107,10,77,170,40,0.995238095238,0.8,0.85,0.05,False
E4B,google/gemma-4-E4B-it,all,0.28,210,0.585714285714,0.544740973312,0.75,0.280373831776,0.547058823529,0.902912621359,0.0970873786408,0.719626168224,103,107,10,77,170,40,0.995238095238,0.8,0.85,0.05,False
E4B,google/gemma-4-E4B-it,all,0.29,210,0.585714285714,0.544740973312,0.75,0.280373831776,0.547058823529,0.902912621359,0.0970873786408,0.719626168224,103,107,10,77,170,40,0.995238095238,0.8,0.85,0.05,False
E4B,google/gemma-4-E4B-it,all,0.30,210,0.585714285714,0.544740973312,0.75,0.280373831776,0.547058823529,0.902912621359,0.0970873786408,0.719626168224,103,107,10,77,170,40,0.995238095238,0.8,0.85,0.05,False
E4B,google/gemma-4-E4B-it,all,0.31,210,0.585714285714,0.544740973312,0.75,0.280373831776,0.547058823529,0.902912621359,0.0970873786408,0.719626168224,103,107,10,77,170,40,0.995238095238,0.8,0.85,0.05,False
E4B,google/gemma-4-E4B-it,all,0.32,210,0.585714285714,0.544740973312,0.75,0.280373831776,0.547058823529,0.902912621359,0.0970873786408,0.719626168224,103,107,10,77,170,40,0.995238095238,0.8,0.85,0.05,False
E4B,google/gemma-4-E4B-it,all,0.33,210,0.585714285714,0.544740973312,0.75,0.280373831776,0.547058823529,0.902912621359,0.0970873786408,0.719626168224,103,107,10,77,170,40,0.995238095238,0.8,0.85,0.05,False
E4B,google/gemma-4-E4B-it,all,0.34,210,0.585714285714,0.544740973312,0.75,0.280373831776,0.547058823529,0.902912621359,0.0970873786408,0.719626168224,103,107,10,77,170,40,0.995238095238,0.8,0.85,0.05,False
E4B,google/gemma-4-E4B-it,all,0.35,210,0.585714285714,0.544740973312,0.75,0.280373831776,0.547058823529,0.902912621359,0.0970873786408,0.719626168224,103,107,10,77,170,40,0.995238095238,0.8,0.85,0.05,False
E4B,google/gemma-4-E4B-it,all,0.36,210,0.585714285714,0.544740973312,0.75,0.280373831776,0.547058823529,0.902912621359,0.0970873786408,0.719626168224,103,107,10,77,170,40,0.995238095238,0.8,0.85,0.05,False
E4B,google/gemma-4-E4B-it,all,0.37,210,0.585714285714,0.544740973312,0.75,0.280373831776,0.547058823529,0.902912621359,0.0970873786408,0.719626168224,103,107,10,77,170,40,0.995238095238,0.8,0.85,0.05,False
E4B,google/gemma-4-E4B-it,all,0.38,210,0.585714285714,0.544740973312,0.75,0.280373831776,0.547058823529,0.902912621359,0.0970873786408,0.719626168224,103,107,10,77,170,40,0.995238095238,0.8,0.85,0.05,False
E4B,google/gemma-4-E4B-it,all,0.39,210,0.585714285714,0.544740973312,0.75,0.280373831776,0.547058823529,0.902912621359,0.0970873786408,0.719626168224,103,107,10,77,170,40,0.995238095238,0.8,0.85,0.05,False
E4B,google/gemma-4-E4B-it,all,0.40,210,0.585714285714,0.544740973312,0.75,0.280373831776,0.547058823529,0.902912621359,0.0970873786408,0.719626168224,103,107,10,77,170,40,0.995238095238,0.8,0.85,0.05,False
E4B,google/gemma-4-E4B-it,all,0.41,210,0.585714285714,0.544740973312,0.75,0.280373831776,0.547058823529,0.902912621359,0.0970873786408,0.719626168224,103,107,10,77,170,40,0.995238095238,0.8,0.85,0.05,False
E4B,google/gemma-4-E4B-it,all,0.42,210,0.585714285714,0.544740973312,0.75,0.280373831776,0.547058823529,0.902912621359,0.0970873786408,0.719626168224,103,107,10,77,170,40,0.995238095238,0.8,0.85,0.05,False
E4B,google/gemma-4-E4B-it,all,0.43,210,0.585714285714,0.544740973312,0.75,0.280373831776,0.547058823529,0.902912621359,0.0970873786408,0.719626168224,103,107,10,77,170,40,0.995238095238,0.8,0.85,0.05,False
E4B,google/gemma-4-E4B-it,all,0.44,210,0.585714285714,0.544740973312,0.75,0.280373831776,0.547058823529,0.902912621359,0.0970873786408,0.719626168224,103,107,10,77,170,40,0.995238095238,0.8,0.85,0.05,False
E4B,google/gemma-4-E4B-it,all,0.45,210,0.585714285714,0.544740973312,0.75,0.280373831776,0.547058823529,0.902912621359,0.0970873786408,0.719626168224,103,107,10,77,170,40,0.995238095238,0.8,0.85,0.05,False
E4B,google/gemma-4-E4B-it,all,0.46,210,0.585714285714,0.544740973312,0.75,0.280373831776,0.547058823529,0.902912621359,0.0970873786408,0.719626168224,103,107,10,77,170,40,0.995238095238,0.8,0.85,0.05,False
E4B,google/gemma-4-E4B-it,all,0.47,210,0.585714285714,0.544740973312,0.75,0.280373831776,0.547058823529,0.902912621359,0.0970873786408,0.719626168224,103,107,10,77,170,40,0.995238095238,0.8,0.85,0.05,False
E4B,google/gemma-4-E4B-it,all,0.48,210,0.585714285714,0.544740973312,0.75,0.280373831776,0.547058823529,0.902912621359,0.0970873786408,0.719626168224,103,107,10,77,170,40,0.995238095238,0.8,0.85,0.05,False
E4B,google/gemma-4-E4B-it,all,0.49,210,0.585714285714,0.544740973312,0.75,0.280373831776,0.547058823529,0.902912621359,0.0970873786408,0.719626168224,103,107,10,77,170,40,0.995238095238,0.8,0.85,0.05,False
E4B,google/gemma-4-E4B-it,all,0.50,210,0.585714285714,0.544740973312,0.75,0.280373831776,0.547058823529,0.902912621359,0.0970873786408,0.719626168224,103,107,10,77,170,40,0.995238095238,0.8,0.85,0.05,False
E4B,google/gemma-4-E4B-it,all,0.51,210,0.585714285714,0.544740973312,0.75,0.280373831776,0.547058823529,0.902912621359,0.0970873786408,0.719626168224,103,107,10,77,170,40,0.995238095238,0.8,0.85,0.05,False
E4B,google/gemma-4-E4B-it,all,0.52,210,0.585714285714,0.544740973312,0.75,0.280373831776,0.547058823529,0.902912621359,0.0970873786408,0.719626168224,103,107,10,77,170,40,0.995238095238,0.8,0.85,0.05,False
E4B,google/gemma-4-E4B-it,all,0.53,210,0.585714285714,0.544740973312,0.75,0.280373831776,0.547058823529,0.902912621359,0.0970873786408,0.719626168224,103,107,10,77,170,40,0.995238095238,0.8,0.85,0.05,False
E4B,google/gemma-4-E4B-it,all,0.54,210,0.585714285714,0.544740973312,0.75,0.280373831776,0.547058823529,0.902912621359,0.0970873786408,0.719626168224,103,107,10,77,170,40,0.995238095238,0.8,0.85,0.05,False
E4B,google/gemma-4-E4B-it,all,0.55,210,0.585714285714,0.544740973312,0.75,0.280373831776,0.547058823529,0.902912621359,0.0970873786408,0.719626168224,103,107,10,77,170,40,0.995238095238,0.8,0.85,0.05,False
E4B,google/gemma-4-E4B-it,all,0.56,210,0.585714285714,0.544740973312,0.75,0.280373831776,0.547058823529,0.902912621359,0.0970873786408,0.719626168224,103,107,10,77,170,40,0.995238095238,0.8,0.85,0.05,False
E4B,google/gemma-4-E4B-it,all,0.57,210,0.585714285714,0.544740973312,0.75,0.280373831776,0.547058823529,0.902912621359,0.0970873786408,0.719626168224,103,107,10,77,170,40,0.995238095238,0.8,0.85,0.05,False
E4B,google/gemma-4-E4B-it,all,0.58,210,0.585714285714,0.544740973312,0.75,0.280373831776,0.547058823529,0.902912621359,0.0970873786408,0.719626168224,103,107,10,77,170,40,0.995238095238,0.8,0.85,0.05,False
E4B,google/gemma-4-E4B-it,all,0.59,210,0.585714285714,0.544740973312,0.75,0.280373831776,0.547058823529,0.902912621359,0.0970873786408,0.719626168224,103,107,10,77,170,40,0.995238095238,0.8,0.85,0.05,False
E4B,google/gemma-4-E4B-it,all,0.60,210,0.585714285714,0.544740973312,0.75,0.280373831776,0.547058823529,0.902912621359,0.0970873786408,0.719626168224,103,107,10,77,170,40,0.995238095238,0.8,0.85,0.05,False
E4B,google/gemma-4-E4B-it,all,0.61,210,0.585714285714,0.544740973312,0.75,0.280373831776,0.547058823529,0.902912621359,0.0970873786408,0.719626168224,103,107,10,77,170,40,0.995238095238,0.8,0.85,0.05,False
E4B,google/gemma-4-E4B-it,all,0.62,210,0.585714285714,0.544740973312,0.75,0.280373831776,0.547058823529,0.902912621359,0.0970873786408,0.719626168224,103,107,10,77,170,40,0.995238095238,0.8,0.85,0.05,False
E4B,google/gemma-4-E4B-it,all,0.63,210,0.585714285714,0.544740973312,0.75,0.280373831776,0.547058823529,0.902912621359,0.0970873786408,0.719626168224,103,107,10,77,170,40,0.995238095238,0.8,0.85,0.05,False
E4B,google/gemma-4-E4B-it,all,0.64,210,0.585714285714,0.544740973312,0.75,0.280373831776,0.547058823529,0.902912621359,0.0970873786408,0.719626168224,103,107,10,77,170,40,0.995238095238,0.8,0.85,0.05,False
E4B,google/gemma-4-E4B-it,all,0.65,210,0.585714285714,0.544740973312,0.75,0.280373831776,0.547058823529,0.902912621359,0.0970873786408,0.719626168224,103,107,10,77,170,40,0.995238095238,0.8,0.85,0.05,False
E4B,google/gemma-4-E4B-it,all,0.66,210,0.585714285714,0.544740973312,0.75,0.280373831776,0.547058823529,0.902912621359,0.0970873786408,0.719626168224,103,107,10,77,170,40,0.995238095238,0.8,0.85,0.05,False
E4B,google/gemma-4-E4B-it,all,0.67,210,0.585714285714,0.544740973312,0.75,0.280373831776,0.547058823529,0.902912621359,0.0970873786408,0.719626168224,103,107,10,77,170,40,0.995238095238,0.8,0.85,0.05,False
E4B,google/gemma-4-E4B-it,all,0.68,210,0.585714285714,0.544740973312,0.75,0.280373831776,0.547058823529,0.902912621359,0.0970873786408,0.719626168224,103,107,10,77,170,40,0.995238095238,0.8,0.85,0.05,False
E4B,google/gemma-4-E4B-it,all,0.69,210,0.585714285714,0.544740973312,0.75,0.280373831776,0.547058823529,0.902912621359,0.0970873786408,0.719626168224,103,107,10,77,170,40,0.995238095238,0.8,0.85,0.05,False
E4B,google/gemma-4-E4B-it,all,0.70,210,0.585714285714,0.544740973312,0.75,0.280373831776,0.547058823529,0.902912621359,0.0970873786408,0.719626168224,103,107,10,77,170,40,0.995238095238,0.8,0.85,0.05,False
E4B,google/gemma-4-E4B-it,all,0.71,210,0.585714285714,0.544740973312,0.75,0.280373831776,0.547058823529,0.902912621359,0.0970873786408,0.719626168224,103,107,10,77,170,40,0.995238095238,0.8,0.85,0.05,False
E4B,google/gemma-4-E4B-it,all,0.72,210,0.585714285714,0.544740973312,0.75,0.280373831776,0.547058823529,0.902912621359,0.0970873786408,0.719626168224,103,107,10,77,170,40,0.995238095238,0.8,0.85,0.05,False
E4B,google/gemma-4-E4B-it,all,0.73,210,0.585714285714,0.544740973312,0.75,0.280373831776,0.547058823529,0.902912621359,0.0970873786408,0.719626168224,103,107,10,77,170,40,0.995238095238,0.8,0.85,0.05,False
E4B,google/gemma-4-E4B-it,all,0.74,210,0.585714285714,0.544740973312,0.75,0.280373831776,0.547058823529,0.902912621359,0.0970873786408,0.719626168224,103,107,10,77,170,40,0.995238095238,0.8,0.85,0.05,False
E4B,google/gemma-4-E4B-it,all,0.75,210,0.585714285714,0.544740973312,0.75,0.280373831776,0.547058823529,0.902912621359,0.0970873786408,0.719626168224,103,107,10,77,170,40,0.995238095238,0.8,0.85,0.05,False
E4B,google/gemma-4-E4B-it,all,0.76,210,0.585714285714,0.544740973312,0.75,0.280373831776,0.547058823529,0.902912621359,0.0970873786408,0.719626168224,103,107,10,77,170,40,0.995238095238,0.8,0.85,0.05,False
E4B,google/gemma-4-E4B-it,all,0.77,210,0.585714285714,0.544740973312,0.75,0.280373831776,0.547058823529,0.902912621359,0.0970873786408,0.719626168224,103,107,10,77,170,40,0.995238095238,0.8,0.85,0.05,False
E4B,google/gemma-4-E4B-it,all,0.78,210,0.585714285714,0.544740973312,0.75,0.280373831776,0.547058823529,0.902912621359,0.0970873786408,0.719626168224,103,107,10,77,170,40,0.995238095238,0.8,0.85,0.05,False
E4B,google/gemma-4-E4B-it,all,0.79,210,0.585714285714,0.544740973312,0.75,0.280373831776,0.547058823529,0.902912621359,0.0970873786408,0.719626168224,103,107,10,77,170,40,0.995238095238,0.8,0.85,0.05,False
E4B,google/gemma-4-E4B-it,all,0.80,210,0.585714285714,0.544740973312,0.75,0.280373831776,0.547058823529,0.902912621359,0.0970873786408,0.719626168224,103,107,10,77,170,40,0.995238095238,0.8,0.85,0.05,False
E4B,google/gemma-4-E4B-it,all,0.81,210,0.580952380952,0.53804619538,0.74358974359,0.271028037383,0.543859649123,0.902912621359,0.0970873786408,0.728971962617,103,107,10,78,171,39,0.995238095238,0.8,0.85,0.05,False
E4B,google/gemma-4-E4B-it,all,0.82,210,0.580952380952,0.53804619538,0.74358974359,0.271028037383,0.543859649123,0.902912621359,0.0970873786408,0.728971962617,103,107,10,78,171,39,0.995238095238,0.8,0.85,0.05,False
E4B,google/gemma-4-E4B-it,all,0.83,210,0.580952380952,0.53804619538,0.74358974359,0.271028037383,0.543859649123,0.902912621359,0.0970873786408,0.728971962617,103,107,10,78,171,39,0.995238095238,0.8,0.85,0.05,False
E4B,google/gemma-4-E4B-it,all,0.84,210,0.580952380952,0.53804619538,0.74358974359,0.271028037383,0.543859649123,0.902912621359,0.0970873786408,0.728971962617,103,107,10,78,171,39,0.995238095238,0.8,0.85,0.05,False
E4B,google/gemma-4-E4B-it,all,0.85,210,0.580952380952,0.53804619538,0.74358974359,0.271028037383,0.543859649123,0.902912621359,0.0970873786408,0.728971962617,103,107,10,78,171,39,0.995238095238,0.8,0.85,0.05,False
E4B,google/gemma-4-E4B-it,all,0.86,210,0.580952380952,0.53804619538,0.74358974359,0.271028037383,0.543859649123,0.902912621359,0.0970873786408,0.728971962617,103,107,10,78,171,39,0.995238095238,0.8,0.85,0.05,False
E4B,google/gemma-4-E4B-it,all,0.87,210,0.580952380952,0.53804619538,0.74358974359,0.271028037383,0.543859649123,0.902912621359,0.0970873786408,0.728971962617,103,107,10,78,171,39,0.995238095238,0.8,0.85,0.05,False
E4B,google/gemma-4-E4B-it,all,0.88,210,0.580952380952,0.53804619538,0.74358974359,0.271028037383,0.543859649123,0.902912621359,0.0970873786408,0.728971962617,103,107,10,78,171,39,0.995238095238,0.8,0.85,0.05,False
E4B,google/gemma-4-E4B-it,all,0.89,210,0.580952380952,0.53804619538,0.74358974359,0.271028037383,0.543859649123,0.902912621359,0.0970873786408,0.728971962617,103,107,10,78,171,39,0.995238095238,0.8,0.85,0.05,False
E4B,google/gemma-4-E4B-it,all,0.90,210,0.580952380952,0.53804619538,0.74358974359,0.271028037383,0.543859649123,0.902912621359,0.0970873786408,0.728971962617,103,107,10,78,171,39,0.995238095238,0.8,0.85,0.05,False
E4B,google/gemma-4-E4B-it,all,0.91,210,0.580952380952,0.535024154589,0.756756756757,0.261682242991,0.543352601156,0.912621359223,0.0873786407767,0.738317757009,103,107,9,79,173,37,0.995238095238,0.8,0.85,0.05,False
E4B,google/gemma-4-E4B-it,all,0.92,210,0.580952380952,0.535024154589,0.756756756757,0.261682242991,0.543352601156,0.912621359223,0.0873786407767,0.738317757009,103,107,9,79,173,37,0.995238095238,0.8,0.85,0.05,False
E4B,google/gemma-4-E4B-it,all,0.93,210,0.580952380952,0.535024154589,0.756756756757,0.261682242991,0.543352601156,0.912621359223,0.0873786407767,0.738317757009,103,107,9,79,173,37,0.995238095238,0.8,0.85,0.05,False
E4B,google/gemma-4-E4B-it,all,0.94,210,0.580952380952,0.535024154589,0.756756756757,0.261682242991,0.543352601156,0.912621359223,0.0873786407767,0.738317757009,103,107,9,79,173,37,0.995238095238,0.8,0.85,0.05,False
E4B,google/gemma-4-E4B-it,all,0.95,210,0.580952380952,0.535024154589,0.756756756757,0.261682242991,0.543352601156,0.912621359223,0.0873786407767,0.738317757009,103,107,9,79,173,37,0.995238095238,0.8,0.85,0.05,False
E4B,google/gemma-4-E4B-it,all,0.96,210,0.57619047619,0.528161369317,0.75,0.252336448598,0.540229885057,0.912621359223,0.0873786407767,0.747663551402,103,107,9,80,174,36,0.995238095238,0.8,0.85,0.05,False
E4B,google/gemma-4-E4B-it,all,0.97,210,0.57619047619,0.528161369317,0.75,0.252336448598,0.540229885057,0.912621359223,0.0873786407767,0.747663551402,103,107,9,80,174,36,0.995238095238,0.8,0.85,0.05,False
E4B,google/gemma-4-E4B-it,all,0.98,210,0.57619047619,0.528161369317,0.75,0.252336448598,0.540229885057,0.912621359223,0.0873786407767,0.747663551402,103,107,9,80,174,36,0.995238095238,0.8,0.85,0.05,False
E4B,google/gemma-4-E4B-it,all,0.99,210,0.57619047619,0.528161369317,0.75,0.252336448598,0.540229885057,0.912621359223,0.0873786407767,0.747663551402,103,107,9,80,174,36,0.995238095238,0.8,0.85,0.05,False
E4B,google/gemma-4-E4B-it,all,1.00,210,0.57619047619,0.528161369317,0.75,0.252336448598,0.540229885057,0.912621359223,0.0873786407767,0.747663551402,103,107,9,80,174,36,0.995238095238,0.8,0.85,0.05,False
E4B,google/gemma-4-E4B-it,personal_image_ham,0.00,103,0,0,0,0,0,0,1,0,103,0,103,0,0,103,1,0.8,0.85,0.05,False
E4B,google/gemma-4-E4B-it,personal_image_ham,0.01,103,0.592233009709,0.371951219512,0,0,1,0.592233009709,0.407766990291,0,103,0,42,0,61,42,1,0.8,0.85,0.05,False
E4B,google/gemma-4-E4B-it,personal_image_ham,0.02,103,0.766990291262,0.434065934066,0,0,1,0.766990291262,0.233009708738,0,103,0,24,0,79,24,1,0.8,0.85,0.05,False
E4B,google/gemma-4-E4B-it,personal_image_ham,0.03,103,0.883495145631,0.469072164948,0,0,1,0.883495145631,0.116504854369,0,103,0,12,0,91,12,1,0.8,0.85,0.05,False
E4B,google/gemma-4-E4B-it,personal_image_ham,0.04,103,0.883495145631,0.469072164948,0,0,1,0.883495145631,0.116504854369,0,103,0,12,0,91,12,1,0.8,0.85,0.05,False
E4B,google/gemma-4-E4B-it,personal_image_ham,0.05,103,0.883495145631,0.469072164948,0,0,1,0.883495145631,0.116504854369,0,103,0,12,0,91,12,1,0.8,0.85,0.05,False
E4B,google/gemma-4-E4B-it,personal_image_ham,0.06,103,0.902912621359,0.474489795918,0,0,1,0.902912621359,0.0970873786408,0,103,0,10,0,93,10,1,0.8,0.85,0.05,False
E4B,google/gemma-4-E4B-it,personal_image_ham,0.07,103,0.902912621359,0.474489795918,0,0,1,0.902912621359,0.0970873786408,0,103,0,10,0,93,10,1,0.8,0.85,0.05,False
E4B,google/gemma-4-E4B-it,personal_image_ham,0.08,103,0.902912621359,0.474489795918,0,0,1,0.902912621359,0.0970873786408,0,103,0,10,0,93,10,1,0.8,0.85,0.05,False
E4B,google/gemma-4-E4B-it,personal_image_ham,0.09,103,0.902912621359,0.474489795918,0,0,1,0.902912621359,0.0970873786408,0,103,0,10,0,93,10,1,0.8,0.85,0.05,False
E4B,google/gemma-4-E4B-it,personal_image_ham,0.10,103,0.902912621359,0.474489795918,0,0,1,0.902912621359,0.0970873786408,0,103,0,10,0,93,10,1,0.8,0.85,0.05,False
E4B,google/gemma-4-E4B-it,personal_image_ham,0.11,103,0.902912621359,0.474489795918,0,0,1,0.902912621359,0.0970873786408,0,103,0,10,0,93,10,1,0.8,0.85,0.05,False
E4B,google/gemma-4-E4B-it,personal_image_ham,0.12,103,0.902912621359,0.474489795918,0,0,1,0.902912621359,0.0970873786408,0,103,0,10,0,93,10,1,0.8,0.85,0.05,False
E4B,google/gemma-4-E4B-it,personal_image_ham,0.13,103,0.902912621359,0.474489795918,0,0,1,0.902912621359,0.0970873786408,0,103,0,10,0,93,10,1,0.8,0.85,0.05,False
E4B,google/gemma-4-E4B-it,personal_image_ham,0.14,103,0.902912621359,0.474489795918,0,0,1,0.902912621359,0.0970873786408,0,103,0,10,0,93,10,1,0.8,0.85,0.05,False
E4B,google/gemma-4-E4B-it,personal_image_ham,0.15,103,0.902912621359,0.474489795918,0,0,1,0.902912621359,0.0970873786408,0,103,0,10,0,93,10,1,0.8,0.85,0.05,False
E4B,google/gemma-4-E4B-it,personal_image_ham,0.16,103,0.902912621359,0.474489795918,0,0,1,0.902912621359,0.0970873786408,0,103,0,10,0,93,10,1,0.8,0.85,0.05,False
E4B,google/gemma-4-E4B-it,personal_image_ham,0.17,103,0.902912621359,0.474489795918,0,0,1,0.902912621359,0.0970873786408,0,103,0,10,0,93,10,1,0.8,0.85,0.05,False
E4B,google/gemma-4-E4B-it,personal_image_ham,0.18,103,0.902912621359,0.474489795918,0,0,1,0.902912621359,0.0970873786408,0,103,0,10,0,93,10,1,0.8,0.85,0.05,False
E4B,google/gemma-4-E4B-it,personal_image_ham,0.19,103,0.902912621359,0.474489795918,0,0,1,0.902912621359,0.0970873786408,0,103,0,10,0,93,10,1,0.8,0.85,0.05,False
E4B,google/gemma-4-E4B-it,personal_image_ham,0.20,103,0.902912621359,0.474489795918,0,0,1,0.902912621359,0.0970873786408,0,103,0,10,0,93,10,1,0.8,0.85,0.05,False
E4B,google/gemma-4-E4B-it,personal_image_ham,0.21,103,0.902912621359,0.474489795918,0,0,1,0.902912621359,0.0970873786408,0,103,0,10,0,93,10,1,0.8,0.85,0.05,False
E4B,google/gemma-4-E4B-it,personal_image_ham,0.22,103,0.902912621359,0.474489795918,0,0,1,0.902912621359,0.0970873786408,0,103,0,10,0,93,10,1,0.8,0.85,0.05,False
E4B,google/gemma-4-E4B-it,personal_image_ham,0.23,103,0.902912621359,0.474489795918,0,0,1,0.902912621359,0.0970873786408,0,103,0,10,0,93,10,1,0.8,0.85,0.05,False
E4B,google/gemma-4-E4B-it,personal_image_ham,0.24,103,0.902912621359,0.474489795918,0,0,1,0.902912621359,0.0970873786408,0,103,0,10,0,93,10,1,0.8,0.85,0.05,False
E4B,google/gemma-4-E4B-it,personal_image_ham,0.25,103,0.902912621359,0.474489795918,0,0,1,0.902912621359,0.0970873786408,0,103,0,10,0,93,10,1,0.8,0.85,0.05,False
E4B,google/gemma-4-E4B-it,personal_image_ham,0.26,103,0.902912621359,0.474489795918,0,0,1,0.902912621359,0.0970873786408,0,103,0,10,0,93,10,1,0.8,0.85,0.05,False
E4B,google/gemma-4-E4B-it,personal_image_ham,0.27,103,0.902912621359,0.474489795918,0,0,1,0.902912621359,0.0970873786408,0,103,0,10,0,93,10,1,0.8,0.85,0.05,False
E4B,google/gemma-4-E4B-it,personal_image_ham,0.28,103,0.902912621359,0.474489795918,0,0,1,0.902912621359,0.0970873786408,0,103,0,10,0,93,10,1,0.8,0.85,0.05,False
E4B,google/gemma-4-E4B-it,personal_image_ham,0.29,103,0.902912621359,0.474489795918,0,0,1,0.902912621359,0.0970873786408,0,103,0,10,0,93,10,1,0.8,0.85,0.05,False
E4B,google/gemma-4-E4B-it,personal_image_ham,0.30,103,0.902912621359,0.474489795918,0,0,1,0.902912621359,0.0970873786408,0,103,0,10,0,93,10,1,0.8,0.85,0.05,False
E4B,google/gemma-4-E4B-it,personal_image_ham,0.31,103,0.902912621359,0.474489795918,0,0,1,0.902912621359,0.0970873786408,0,103,0,10,0,93,10,1,0.8,0.85,0.05,False
E4B,google/gemma-4-E4B-it,personal_image_ham,0.32,103,0.902912621359,0.474489795918,0,0,1,0.902912621359,0.0970873786408,0,103,0,10,0,93,10,1,0.8,0.85,0.05,False
E4B,google/gemma-4-E4B-it,personal_image_ham,0.33,103,0.902912621359,0.474489795918,0,0,1,0.902912621359,0.0970873786408,0,103,0,10,0,93,10,1,0.8,0.85,0.05,False
E4B,google/gemma-4-E4B-it,personal_image_ham,0.34,103,0.902912621359,0.474489795918,0,0,1,0.902912621359,0.0970873786408,0,103,0,10,0,93,10,1,0.8,0.85,0.05,False
E4B,google/gemma-4-E4B-it,personal_image_ham,0.35,103,0.902912621359,0.474489795918,0,0,1,0.902912621359,0.0970873786408,0,103,0,10,0,93,10,1,0.8,0.85,0.05,False
E4B,google/gemma-4-E4B-it,personal_image_ham,0.36,103,0.902912621359,0.474489795918,0,0,1,0.902912621359,0.0970873786408,0,103,0,10,0,93,10,1,0.8,0.85,0.05,False
E4B,google/gemma-4-E4B-it,personal_image_ham,0.37,103,0.902912621359,0.474489795918,0,0,1,0.902912621359,0.0970873786408,0,103,0,10,0,93,10,1,0.8,0.85,0.05,False
E4B,google/gemma-4-E4B-it,personal_image_ham,0.38,103,0.902912621359,0.474489795918,0,0,1,0.902912621359,0.0970873786408,0,103,0,10,0,93,10,1,0.8,0.85,0.05,False
E4B,google/gemma-4-E4B-it,personal_image_ham,0.39,103,0.902912621359,0.474489795918,0,0,1,0.902912621359,0.0970873786408,0,103,0,10,0,93,10,1,0.8,0.85,0.05,False
E4B,google/gemma-4-E4B-it,personal_image_ham,0.40,103,0.902912621359,0.474489795918,0,0,1,0.902912621359,0.0970873786408,0,103,0,10,0,93,10,1,0.8,0.85,0.05,False
E4B,google/gemma-4-E4B-it,personal_image_ham,0.41,103,0.902912621359,0.474489795918,0,0,1,0.902912621359,0.0970873786408,0,103,0,10,0,93,10,1,0.8,0.85,0.05,False
E4B,google/gemma-4-E4B-it,personal_image_ham,0.42,103,0.902912621359,0.474489795918,0,0,1,0.902912621359,0.0970873786408,0,103,0,10,0,93,10,1,0.8,0.85,0.05,False
E4B,google/gemma-4-E4B-it,personal_image_ham,0.43,103,0.902912621359,0.474489795918,0,0,1,0.902912621359,0.0970873786408,0,103,0,10,0,93,10,1,0.8,0.85,0.05,False
E4B,google/gemma-4-E4B-it,personal_image_ham,0.44,103,0.902912621359,0.474489795918,0,0,1,0.902912621359,0.0970873786408,0,103,0,10,0,93,10,1,0.8,0.85,0.05,False
E4B,google/gemma-4-E4B-it,personal_image_ham,0.45,103,0.902912621359,0.474489795918,0,0,1,0.902912621359,0.0970873786408,0,103,0,10,0,93,10,1,0.8,0.85,0.05,False
E4B,google/gemma-4-E4B-it,personal_image_ham,0.46,103,0.902912621359,0.474489795918,0,0,1,0.902912621359,0.0970873786408,0,103,0,10,0,93,10,1,0.8,0.85,0.05,False
E4B,google/gemma-4-E4B-it,personal_image_ham,0.47,103,0.902912621359,0.474489795918,0,0,1,0.902912621359,0.0970873786408,0,103,0,10,0,93,10,1,0.8,0.85,0.05,False
E4B,google/gemma-4-E4B-it,personal_image_ham,0.48,103,0.902912621359,0.474489795918,0,0,1,0.902912621359,0.0970873786408,0,103,0,10,0,93,10,1,0.8,0.85,0.05,False
E4B,google/gemma-4-E4B-it,personal_image_ham,0.49,103,0.902912621359,0.474489795918,0,0,1,0.902912621359,0.0970873786408,0,103,0,10,0,93,10,1,0.8,0.85,0.05,False
E4B,google/gemma-4-E4B-it,personal_image_ham,0.50,103,0.902912621359,0.474489795918,0,0,1,0.902912621359,0.0970873786408,0,103,0,10,0,93,10,1,0.8,0.85,0.05,False
E4B,google/gemma-4-E4B-it,personal_image_ham,0.51,103,0.902912621359,0.474489795918,0,0,1,0.902912621359,0.0970873786408,0,103,0,10,0,93,10,1,0.8,0.85,0.05,False
E4B,google/gemma-4-E4B-it,personal_image_ham,0.52,103,0.902912621359,0.474489795918,0,0,1,0.902912621359,0.0970873786408,0,103,0,10,0,93,10,1,0.8,0.85,0.05,False
E4B,google/gemma-4-E4B-it,personal_image_ham,0.53,103,0.902912621359,0.474489795918,0,0,1,0.902912621359,0.0970873786408,0,103,0,10,0,93,10,1,0.8,0.85,0.05,False
E4B,google/gemma-4-E4B-it,personal_image_ham,0.54,103,0.902912621359,0.474489795918,0,0,1,0.902912621359,0.0970873786408,0,103,0,10,0,93,10,1,0.8,0.85,0.05,False
E4B,google/gemma-4-E4B-it,personal_image_ham,0.55,103,0.902912621359,0.474489795918,0,0,1,0.902912621359,0.0970873786408,0,103,0,10,0,93,10,1,0.8,0.85,0.05,False
E4B,google/gemma-4-E4B-it,personal_image_ham,0.56,103,0.902912621359,0.474489795918,0,0,1,0.902912621359,0.0970873786408,0,103,0,10,0,93,10,1,0.8,0.85,0.05,False
E4B,google/gemma-4-E4B-it,personal_image_ham,0.57,103,0.902912621359,0.474489795918,0,0,1,0.902912621359,0.0970873786408,0,103,0,10,0,93,10,1,0.8,0.85,0.05,False
E4B,google/gemma-4-E4B-it,personal_image_ham,0.58,103,0.902912621359,0.474489795918,0,0,1,0.902912621359,0.0970873786408,0,103,0,10,0,93,10,1,0.8,0.85,0.05,False
E4B,google/gemma-4-E4B-it,personal_image_ham,0.59,103,0.902912621359,0.474489795918,0,0,1,0.902912621359,0.0970873786408,0,103,0,10,0,93,10,1,0.8,0.85,0.05,False
E4B,google/gemma-4-E4B-it,personal_image_ham,0.60,103,0.902912621359,0.474489795918,0,0,1,0.902912621359,0.0970873786408,0,103,0,10,0,93,10,1,0.8,0.85,0.05,False
E4B,google/gemma-4-E4B-it,personal_image_ham,0.61,103,0.902912621359,0.474489795918,0,0,1,0.902912621359,0.0970873786408,0,103,0,10,0,93,10,1,0.8,0.85,0.05,False
E4B,google/gemma-4-E4B-it,personal_image_ham,0.62,103,0.902912621359,0.474489795918,0,0,1,0.902912621359,0.0970873786408,0,103,0,10,0,93,10,1,0.8,0.85,0.05,False
E4B,google/gemma-4-E4B-it,personal_image_ham,0.63,103,0.902912621359,0.474489795918,0,0,1,0.902912621359,0.0970873786408,0,103,0,10,0,93,10,1,0.8,0.85,0.05,False
E4B,google/gemma-4-E4B-it,personal_image_ham,0.64,103,0.902912621359,0.474489795918,0,0,1,0.902912621359,0.0970873786408,0,103,0,10,0,93,10,1,0.8,0.85,0.05,False
E4B,google/gemma-4-E4B-it,personal_image_ham,0.65,103,0.902912621359,0.474489795918,0,0,1,0.902912621359,0.0970873786408,0,103,0,10,0,93,10,1,0.8,0.85,0.05,False
E4B,google/gemma-4-E4B-it,personal_image_ham,0.66,103,0.902912621359,0.474489795918,0,0,1,0.902912621359,0.0970873786408,0,103,0,10,0,93,10,1,0.8,0.85,0.05,False
E4B,google/gemma-4-E4B-it,personal_image_ham,0.67,103,0.902912621359,0.474489795918,0,0,1,0.902912621359,0.0970873786408,0,103,0,10,0,93,10,1,0.8,0.85,0.05,False
E4B,google/gemma-4-E4B-it,personal_image_ham,0.68,103,0.902912621359,0.474489795918,0,0,1,0.902912621359,0.0970873786408,0,103,0,10,0,93,10,1,0.8,0.85,0.05,False
E4B,google/gemma-4-E4B-it,personal_image_ham,0.69,103,0.902912621359,0.474489795918,0,0,1,0.902912621359,0.0970873786408,0,103,0,10,0,93,10,1,0.8,0.85,0.05,False
E4B,google/gemma-4-E4B-it,personal_image_ham,0.70,103,0.902912621359,0.474489795918,0,0,1,0.902912621359,0.0970873786408,0,103,0,10,0,93,10,1,0.8,0.85,0.05,False
E4B,google/gemma-4-E4B-it,personal_image_ham,0.71,103,0.902912621359,0.474489795918,0,0,1,0.902912621359,0.0970873786408,0,103,0,10,0,93,10,1,0.8,0.85,0.05,False
E4B,google/gemma-4-E4B-it,personal_image_ham,0.72,103,0.902912621359,0.474489795918,0,0,1,0.902912621359,0.0970873786408,0,103,0,10,0,93,10,1,0.8,0.85,0.05,False
E4B,google/gemma-4-E4B-it,personal_image_ham,0.73,103,0.902912621359,0.474489795918,0,0,1,0.902912621359,0.0970873786408,0,103,0,10,0,93,10,1,0.8,0.85,0.05,False
E4B,google/gemma-4-E4B-it,personal_image_ham,0.74,103,0.902912621359,0.474489795918,0,0,1,0.902912621359,0.0970873786408,0,103,0,10,0,93,10,1,0.8,0.85,0.05,False
E4B,google/gemma-4-E4B-it,personal_image_ham,0.75,103,0.902912621359,0.474489795918,0,0,1,0.902912621359,0.0970873786408,0,103,0,10,0,93,10,1,0.8,0.85,0.05,False
E4B,google/gemma-4-E4B-it,personal_image_ham,0.76,103,0.902912621359,0.474489795918,0,0,1,0.902912621359,0.0970873786408,0,103,0,10,0,93,10,1,0.8,0.85,0.05,False
E4B,google/gemma-4-E4B-it,personal_image_ham,0.77,103,0.902912621359,0.474489795918,0,0,1,0.902912621359,0.0970873786408,0,103,0,10,0,93,10,1,0.8,0.85,0.05,False
E4B,google/gemma-4-E4B-it,personal_image_ham,0.78,103,0.902912621359,0.474489795918,0,0,1,0.902912621359,0.0970873786408,0,103,0,10,0,93,10,1,0.8,0.85,0.05,False
E4B,google/gemma-4-E4B-it,personal_image_ham,0.79,103,0.902912621359,0.474489795918,0,0,1,0.902912621359,0.0970873786408,0,103,0,10,0,93,10,1,0.8,0.85,0.05,False
E4B,google/gemma-4-E4B-it,personal_image_ham,0.80,103,0.902912621359,0.474489795918,0,0,1,0.902912621359,0.0970873786408,0,103,0,10,0,93,10,1,0.8,0.85,0.05,False
E4B,google/gemma-4-E4B-it,personal_image_ham,0.81,103,0.902912621359,0.474489795918,0,0,1,0.902912621359,0.0970873786408,0,103,0,10,0,93,10,1,0.8,0.85,0.05,False
E4B,google/gemma-4-E4B-it,personal_image_ham,0.82,103,0.902912621359,0.474489795918,0,0,1,0.902912621359,0.0970873786408,0,103,0,10,0,93,10,1,0.8,0.85,0.05,False
E4B,google/gemma-4-E4B-it,personal_image_ham,0.83,103,0.902912621359,0.474489795918,0,0,1,0.902912621359,0.0970873786408,0,103,0,10,0,93,10,1,0.8,0.85,0.05,False
E4B,google/gemma-4-E4B-it,personal_image_ham,0.84,103,0.902912621359,0.474489795918,0,0,1,0.902912621359,0.0970873786408,0,103,0,10,0,93,10,1,0.8,0.85,0.05,False
E4B,google/gemma-4-E4B-it,personal_image_ham,0.85,103,0.902912621359,0.474489795918,0,0,1,0.902912621359,0.0970873786408,0,103,0,10,0,93,10,1,0.8,0.85,0.05,False
E4B,google/gemma-4-E4B-it,personal_image_ham,0.86,103,0.902912621359,0.474489795918,0,0,1,0.902912621359,0.0970873786408,0,103,0,10,0,93,10,1,0.8,0.85,0.05,False
E4B,google/gemma-4-E4B-it,personal_image_ham,0.87,103,0.902912621359,0.474489795918,0,0,1,0.902912621359,0.0970873786408,0,103,0,10,0,93,10,1,0.8,0.85,0.05,False
E4B,google/gemma-4-E4B-it,personal_image_ham,0.88,103,0.902912621359,0.474489795918,0,0,1,0.902912621359,0.0970873786408,0,103,0,10,0,93,10,1,0.8,0.85,0.05,False
E4B,google/gemma-4-E4B-it,personal_image_ham,0.89,103,0.902912621359,0.474489795918,0,0,1,0.902912621359,0.0970873786408,0,103,0,10,0,93,10,1,0.8,0.85,0.05,False
E4B,google/gemma-4-E4B-it,personal_image_ham,0.90,103,0.902912621359,0.474489795918,0,0,1,0.902912621359,0.0970873786408,0,103,0,10,0,93,10,1,0.8,0.85,0.05,False
E4B,google/gemma-4-E4B-it,personal_image_ham,0.91,103,0.912621359223,0.477157360406,0,0,1,0.912621359223,0.0873786407767,0,103,0,9,0,94,9,1,0.8,0.85,0.05,False
E4B,google/gemma-4-E4B-it,personal_image_ham,0.92,103,0.912621359223,0.477157360406,0,0,1,0.912621359223,0.0873786407767,0,103,0,9,0,94,9,1,0.8,0.85,0.05,False
E4B,google/gemma-4-E4B-it,personal_image_ham,0.93,103,0.912621359223,0.477157360406,0,0,1,0.912621359223,0.0873786407767,0,103,0,9,0,94,9,1,0.8,0.85,0.05,False
E4B,google/gemma-4-E4B-it,personal_image_ham,0.94,103,0.912621359223,0.477157360406,0,0,1,0.912621359223,0.0873786407767,0,103,0,9,0,94,9,1,0.8,0.85,0.05,False
E4B,google/gemma-4-E4B-it,personal_image_ham,0.95,103,0.912621359223,0.477157360406,0,0,1,0.912621359223,0.0873786407767,0,103,0,9,0,94,9,1,0.8,0.85,0.05,False
E4B,google/gemma-4-E4B-it,personal_image_ham,0.96,103,0.912621359223,0.477157360406,0,0,1,0.912621359223,0.0873786407767,0,103,0,9,0,94,9,1,0.8,0.85,0.05,False
E4B,google/gemma-4-E4B-it,personal_image_ham,0.97,103,0.912621359223,0.477157360406,0,0,1,0.912621359223,0.0873786407767,0,103,0,9,0,94,9,1,0.8,0.85,0.05,False
E4B,google/gemma-4-E4B-it,personal_image_ham,0.98,103,0.912621359223,0.477157360406,0,0,1,0.912621359223,0.0873786407767,0,103,0,9,0,94,9,1,0.8,0.85,0.05,False
E4B,google/gemma-4-E4B-it,personal_image_ham,0.99,103,0.912621359223,0.477157360406,0,0,1,0.912621359223,0.0873786407767,0,103,0,9,0,94,9,1,0.8,0.85,0.05,False
E4B,google/gemma-4-E4B-it,personal_image_ham,1.00,103,0.912621359223,0.477157360406,0,0,1,0.912621359223,0.0873786407767,0,103,0,9,0,94,9,1,0.8,0.85,0.05,False
E4B,google/gemma-4-E4B-it,personal_image_spam,0.00,107,1,0.5,1,1,0,0,0,0,0,107,0,0,0,107,0.990654205607,0.8,0.85,0.05,False
E4B,google/gemma-4-E4B-it,personal_image_spam,0.01,107,0.336448598131,0.251748251748,1,0.336448598131,0,0,0,0.663551401869,0,107,0,71,71,36,0.990654205607,0.8,0.85,0.05,False
E4B,google/gemma-4-E4B-it,personal_image_spam,0.02,107,0.327102803738,0.246478873239,1,0.327102803738,0,0,0,0.672897196262,0,107,0,72,72,35,0.990654205607,0.8,0.85,0.05,False
E4B,google/gemma-4-E4B-it,personal_image_spam,0.03,107,0.289719626168,0.224637681159,1,0.289719626168,0,0,0,0.710280373832,0,107,0,76,76,31,0.990654205607,0.8,0.85,0.05,False
E4B,google/gemma-4-E4B-it,personal_image_spam,0.04,107,0.289719626168,0.224637681159,1,0.289719626168,0,0,0,0.710280373832,0,107,0,76,76,31,0.990654205607,0.8,0.85,0.05,False
E4B,google/gemma-4-E4B-it,personal_image_spam,0.05,107,0.289719626168,0.224637681159,1,0.289719626168,0,0,0,0.710280373832,0,107,0,76,76,31,0.990654205607,0.8,0.85,0.05,False
E4B,google/gemma-4-E4B-it,personal_image_spam,0.06,107,0.280373831776,0.21897810219,1,0.280373831776,0,0,0,0.719626168224,0,107,0,77,77,30,0.990654205607,0.8,0.85,0.05,False
E4B,google/gemma-4-E4B-it,personal_image_spam,0.07,107,0.280373831776,0.21897810219,1,0.280373831776,0,0,0,0.719626168224,0,107,0,77,77,30,0.990654205607,0.8,0.85,0.05,False
E4B,google/gemma-4-E4B-it,personal_image_spam,0.08,107,0.280373831776,0.21897810219,1,0.280373831776,0,0,0,0.719626168224,0,107,0,77,77,30,0.990654205607,0.8,0.85,0.05,False
E4B,google/gemma-4-E4B-it,personal_image_spam,0.09,107,0.280373831776,0.21897810219,1,0.280373831776,0,0,0,0.719626168224,0,107,0,77,77,30,0.990654205607,0.8,0.85,0.05,False
E4B,google/gemma-4-E4B-it,personal_image_spam,0.10,107,0.280373831776,0.21897810219,1,0.280373831776,0,0,0,0.719626168224,0,107,0,77,77,30,0.990654205607,0.8,0.85,0.05,False
E4B,google/gemma-4-E4B-it,personal_image_spam,0.11,107,0.280373831776,0.21897810219,1,0.280373831776,0,0,0,0.719626168224,0,107,0,77,77,30,0.990654205607,0.8,0.85,0.05,False
E4B,google/gemma-4-E4B-it,personal_image_spam,0.12,107,0.280373831776,0.21897810219,1,0.280373831776,0,0,0,0.719626168224,0,107,0,77,77,30,0.990654205607,0.8,0.85,0.05,False
E4B,google/gemma-4-E4B-it,personal_image_spam,0.13,107,0.280373831776,0.21897810219,1,0.280373831776,0,0,0,0.719626168224,0,107,0,77,77,30,0.990654205607,0.8,0.85,0.05,False
E4B,google/gemma-4-E4B-it,personal_image_spam,0.14,107,0.280373831776,0.21897810219,1,0.280373831776,0,0,0,0.719626168224,0,107,0,77,77,30,0.990654205607,0.8,0.85,0.05,False
E4B,google/gemma-4-E4B-it,personal_image_spam,0.15,107,0.280373831776,0.21897810219,1,0.280373831776,0,0,0,0.719626168224,0,107,0,77,77,30,0.990654205607,0.8,0.85,0.05,False
E4B,google/gemma-4-E4B-it,personal_image_spam,0.16,107,0.280373831776,0.21897810219,1,0.280373831776,0,0,0,0.719626168224,0,107,0,77,77,30,0.990654205607,0.8,0.85,0.05,False
E4B,google/gemma-4-E4B-it,personal_image_spam,0.17,107,0.280373831776,0.21897810219,1,0.280373831776,0,0,0,0.719626168224,0,107,0,77,77,30,0.990654205607,0.8,0.85,0.05,False
E4B,google/gemma-4-E4B-it,personal_image_spam,0.18,107,0.280373831776,0.21897810219,1,0.280373831776,0,0,0,0.719626168224,0,107,0,77,77,30,0.990654205607,0.8,0.85,0.05,False
E4B,google/gemma-4-E4B-it,personal_image_spam,0.19,107,0.280373831776,0.21897810219,1,0.280373831776,0,0,0,0.719626168224,0,107,0,77,77,30,0.990654205607,0.8,0.85,0.05,False
E4B,google/gemma-4-E4B-it,personal_image_spam,0.20,107,0.280373831776,0.21897810219,1,0.280373831776,0,0,0,0.719626168224,0,107,0,77,77,30,0.990654205607,0.8,0.85,0.05,False
E4B,google/gemma-4-E4B-it,personal_image_spam,0.21,107,0.280373831776,0.21897810219,1,0.280373831776,0,0,0,0.719626168224,0,107,0,77,77,30,0.990654205607,0.8,0.85,0.05,False
E4B,google/gemma-4-E4B-it,personal_image_spam,0.22,107,0.280373831776,0.21897810219,1,0.280373831776,0,0,0,0.719626168224,0,107,0,77,77,30,0.990654205607,0.8,0.85,0.05,False
E4B,google/gemma-4-E4B-it,personal_image_spam,0.23,107,0.280373831776,0.21897810219,1,0.280373831776,0,0,0,0.719626168224,0,107,0,77,77,30,0.990654205607,0.8,0.85,0.05,False
E4B,google/gemma-4-E4B-it,personal_image_spam,0.24,107,0.280373831776,0.21897810219,1,0.280373831776,0,0,0,0.719626168224,0,107,0,77,77,30,0.990654205607,0.8,0.85,0.05,False
E4B,google/gemma-4-E4B-it,personal_image_spam,0.25,107,0.280373831776,0.21897810219,1,0.280373831776,0,0,0,0.719626168224,0,107,0,77,77,30,0.990654205607,0.8,0.85,0.05,False
E4B,google/gemma-4-E4B-it,personal_image_spam,0.26,107,0.280373831776,0.21897810219,1,0.280373831776,0,0,0,0.719626168224,0,107,0,77,77,30,0.990654205607,0.8,0.85,0.05,False
E4B,google/gemma-4-E4B-it,personal_image_spam,0.27,107,0.280373831776,0.21897810219,1,0.280373831776,0,0,0,0.719626168224,0,107,0,77,77,30,0.990654205607,0.8,0.85,0.05,False
E4B,google/gemma-4-E4B-it,personal_image_spam,0.28,107,0.280373831776,0.21897810219,1,0.280373831776,0,0,0,0.719626168224,0,107,0,77,77,30,0.990654205607,0.8,0.85,0.05,False
E4B,google/gemma-4-E4B-it,personal_image_spam,0.29,107,0.280373831776,0.21897810219,1,0.280373831776,0,0,0,0.719626168224,0,107,0,77,77,30,0.990654205607,0.8,0.85,0.05,False
E4B,google/gemma-4-E4B-it,personal_image_spam,0.30,107,0.280373831776,0.21897810219,1,0.280373831776,0,0,0,0.719626168224,0,107,0,77,77,30,0.990654205607,0.8,0.85,0.05,False
E4B,google/gemma-4-E4B-it,personal_image_spam,0.31,107,0.280373831776,0.21897810219,1,0.280373831776,0,0,0,0.719626168224,0,107,0,77,77,30,0.990654205607,0.8,0.85,0.05,False
E4B,google/gemma-4-E4B-it,personal_image_spam,0.32,107,0.280373831776,0.21897810219,1,0.280373831776,0,0,0,0.719626168224,0,107,0,77,77,30,0.990654205607,0.8,0.85,0.05,False
E4B,google/gemma-4-E4B-it,personal_image_spam,0.33,107,0.280373831776,0.21897810219,1,0.280373831776,0,0,0,0.719626168224,0,107,0,77,77,30,0.990654205607,0.8,0.85,0.05,False
E4B,google/gemma-4-E4B-it,personal_image_spam,0.34,107,0.280373831776,0.21897810219,1,0.280373831776,0,0,0,0.719626168224,0,107,0,77,77,30,0.990654205607,0.8,0.85,0.05,False
E4B,google/gemma-4-E4B-it,personal_image_spam,0.35,107,0.280373831776,0.21897810219,1,0.280373831776,0,0,0,0.719626168224,0,107,0,77,77,30,0.990654205607,0.8,0.85,0.05,False
E4B,google/gemma-4-E4B-it,personal_image_spam,0.36,107,0.280373831776,0.21897810219,1,0.280373831776,0,0,0,0.719626168224,0,107,0,77,77,30,0.990654205607,0.8,0.85,0.05,False
E4B,google/gemma-4-E4B-it,personal_image_spam,0.37,107,0.280373831776,0.21897810219,1,0.280373831776,0,0,0,0.719626168224,0,107,0,77,77,30,0.990654205607,0.8,0.85,0.05,False
E4B,google/gemma-4-E4B-it,personal_image_spam,0.38,107,0.280373831776,0.21897810219,1,0.280373831776,0,0,0,0.719626168224,0,107,0,77,77,30,0.990654205607,0.8,0.85,0.05,False
E4B,google/gemma-4-E4B-it,personal_image_spam,0.39,107,0.280373831776,0.21897810219,1,0.280373831776,0,0,0,0.719626168224,0,107,0,77,77,30,0.990654205607,0.8,0.85,0.05,False
E4B,google/gemma-4-E4B-it,personal_image_spam,0.40,107,0.280373831776,0.21897810219,1,0.280373831776,0,0,0,0.719626168224,0,107,0,77,77,30,0.990654205607,0.8,0.85,0.05,False
E4B,google/gemma-4-E4B-it,personal_image_spam,0.41,107,0.280373831776,0.21897810219,1,0.280373831776,0,0,0,0.719626168224,0,107,0,77,77,30,0.990654205607,0.8,0.85,0.05,False
E4B,google/gemma-4-E4B-it,personal_image_spam,0.42,107,0.280373831776,0.21897810219,1,0.280373831776,0,0,0,0.719626168224,0,107,0,77,77,30,0.990654205607,0.8,0.85,0.05,False
E4B,google/gemma-4-E4B-it,personal_image_spam,0.43,107,0.280373831776,0.21897810219,1,0.280373831776,0,0,0,0.719626168224,0,107,0,77,77,30,0.990654205607,0.8,0.85,0.05,False
E4B,google/gemma-4-E4B-it,personal_image_spam,0.44,107,0.280373831776,0.21897810219,1,0.280373831776,0,0,0,0.719626168224,0,107,0,77,77,30,0.990654205607,0.8,0.85,0.05,False
E4B,google/gemma-4-E4B-it,personal_image_spam,0.45,107,0.280373831776,0.21897810219,1,0.280373831776,0,0,0,0.719626168224,0,107,0,77,77,30,0.990654205607,0.8,0.85,0.05,False
E4B,google/gemma-4-E4B-it,personal_image_spam,0.46,107,0.280373831776,0.21897810219,1,0.280373831776,0,0,0,0.719626168224,0,107,0,77,77,30,0.990654205607,0.8,0.85,0.05,False
E4B,google/gemma-4-E4B-it,personal_image_spam,0.47,107,0.280373831776,0.21897810219,1,0.280373831776,0,0,0,0.719626168224,0,107,0,77,77,30,0.990654205607,0.8,0.85,0.05,False
E4B,google/gemma-4-E4B-it,personal_image_spam,0.48,107,0.280373831776,0.21897810219,1,0.280373831776,0,0,0,0.719626168224,0,107,0,77,77,30,0.990654205607,0.8,0.85,0.05,False
E4B,google/gemma-4-E4B-it,personal_image_spam,0.49,107,0.280373831776,0.21897810219,1,0.280373831776,0,0,0,0.719626168224,0,107,0,77,77,30,0.990654205607,0.8,0.85,0.05,False
E4B,google/gemma-4-E4B-it,personal_image_spam,0.50,107,0.280373831776,0.21897810219,1,0.280373831776,0,0,0,0.719626168224,0,107,0,77,77,30,0.990654205607,0.8,0.85,0.05,False
E4B,google/gemma-4-E4B-it,personal_image_spam,0.51,107,0.280373831776,0.21897810219,1,0.280373831776,0,0,0,0.719626168224,0,107,0,77,77,30,0.990654205607,0.8,0.85,0.05,False
E4B,google/gemma-4-E4B-it,personal_image_spam,0.52,107,0.280373831776,0.21897810219,1,0.280373831776,0,0,0,0.719626168224,0,107,0,77,77,30,0.990654205607,0.8,0.85,0.05,False
E4B,google/gemma-4-E4B-it,personal_image_spam,0.53,107,0.280373831776,0.21897810219,1,0.280373831776,0,0,0,0.719626168224,0,107,0,77,77,30,0.990654205607,0.8,0.85,0.05,False
E4B,google/gemma-4-E4B-it,personal_image_spam,0.54,107,0.280373831776,0.21897810219,1,0.280373831776,0,0,0,0.719626168224,0,107,0,77,77,30,0.990654205607,0.8,0.85,0.05,False
E4B,google/gemma-4-E4B-it,personal_image_spam,0.55,107,0.280373831776,0.21897810219,1,0.280373831776,0,0,0,0.719626168224,0,107,0,77,77,30,0.990654205607,0.8,0.85,0.05,False
E4B,google/gemma-4-E4B-it,personal_image_spam,0.56,107,0.280373831776,0.21897810219,1,0.280373831776,0,0,0,0.719626168224,0,107,0,77,77,30,0.990654205607,0.8,0.85,0.05,False
E4B,google/gemma-4-E4B-it,personal_image_spam,0.57,107,0.280373831776,0.21897810219,1,0.280373831776,0,0,0,0.719626168224,0,107,0,77,77,30,0.990654205607,0.8,0.85,0.05,False
E4B,google/gemma-4-E4B-it,personal_image_spam,0.58,107,0.280373831776,0.21897810219,1,0.280373831776,0,0,0,0.719626168224,0,107,0,77,77,30,0.990654205607,0.8,0.85,0.05,False
E4B,google/gemma-4-E4B-it,personal_image_spam,0.59,107,0.280373831776,0.21897810219,1,0.280373831776,0,0,0,0.719626168224,0,107,0,77,77,30,0.990654205607,0.8,0.85,0.05,False
E4B,google/gemma-4-E4B-it,personal_image_spam,0.60,107,0.280373831776,0.21897810219,1,0.280373831776,0,0,0,0.719626168224,0,107,0,77,77,30,0.990654205607,0.8,0.85,0.05,False
E4B,google/gemma-4-E4B-it,personal_image_spam,0.61,107,0.280373831776,0.21897810219,1,0.280373831776,0,0,0,0.719626168224,0,107,0,77,77,30,0.990654205607,0.8,0.85,0.05,False
E4B,google/gemma-4-E4B-it,personal_image_spam,0.62,107,0.280373831776,0.21897810219,1,0.280373831776,0,0,0,0.719626168224,0,107,0,77,77,30,0.990654205607,0.8,0.85,0.05,False
E4B,google/gemma-4-E4B-it,personal_image_spam,0.63,107,0.280373831776,0.21897810219,1,0.280373831776,0,0,0,0.719626168224,0,107,0,77,77,30,0.990654205607,0.8,0.85,0.05,False
E4B,google/gemma-4-E4B-it,personal_image_spam,0.64,107,0.280373831776,0.21897810219,1,0.280373831776,0,0,0,0.719626168224,0,107,0,77,77,30,0.990654205607,0.8,0.85,0.05,False
E4B,google/gemma-4-E4B-it,personal_image_spam,0.65,107,0.280373831776,0.21897810219,1,0.280373831776,0,0,0,0.719626168224,0,107,0,77,77,30,0.990654205607,0.8,0.85,0.05,False
E4B,google/gemma-4-E4B-it,personal_image_spam,0.66,107,0.280373831776,0.21897810219,1,0.280373831776,0,0,0,0.719626168224,0,107,0,77,77,30,0.990654205607,0.8,0.85,0.05,False
E4B,google/gemma-4-E4B-it,personal_image_spam,0.67,107,0.280373831776,0.21897810219,1,0.280373831776,0,0,0,0.719626168224,0,107,0,77,77,30,0.990654205607,0.8,0.85,0.05,False
E4B,google/gemma-4-E4B-it,personal_image_spam,0.68,107,0.280373831776,0.21897810219,1,0.280373831776,0,0,0,0.719626168224,0,107,0,77,77,30,0.990654205607,0.8,0.85,0.05,False
E4B,google/gemma-4-E4B-it,personal_image_spam,0.69,107,0.280373831776,0.21897810219,1,0.280373831776,0,0,0,0.719626168224,0,107,0,77,77,30,0.990654205607,0.8,0.85,0.05,False
E4B,google/gemma-4-E4B-it,personal_image_spam,0.70,107,0.280373831776,0.21897810219,1,0.280373831776,0,0,0,0.719626168224,0,107,0,77,77,30,0.990654205607,0.8,0.85,0.05,False
E4B,google/gemma-4-E4B-it,personal_image_spam,0.71,107,0.280373831776,0.21897810219,1,0.280373831776,0,0,0,0.719626168224,0,107,0,77,77,30,0.990654205607,0.8,0.85,0.05,False
E4B,google/gemma-4-E4B-it,personal_image_spam,0.72,107,0.280373831776,0.21897810219,1,0.280373831776,0,0,0,0.719626168224,0,107,0,77,77,30,0.990654205607,0.8,0.85,0.05,False
E4B,google/gemma-4-E4B-it,personal_image_spam,0.73,107,0.280373831776,0.21897810219,1,0.280373831776,0,0,0,0.719626168224,0,107,0,77,77,30,0.990654205607,0.8,0.85,0.05,False
E4B,google/gemma-4-E4B-it,personal_image_spam,0.74,107,0.280373831776,0.21897810219,1,0.280373831776,0,0,0,0.719626168224,0,107,0,77,77,30,0.990654205607,0.8,0.85,0.05,False
E4B,google/gemma-4-E4B-it,personal_image_spam,0.75,107,0.280373831776,0.21897810219,1,0.280373831776,0,0,0,0.719626168224,0,107,0,77,77,30,0.990654205607,0.8,0.85,0.05,False
E4B,google/gemma-4-E4B-it,personal_image_spam,0.76,107,0.280373831776,0.21897810219,1,0.280373831776,0,0,0,0.719626168224,0,107,0,77,77,30,0.990654205607,0.8,0.85,0.05,False
E4B,google/gemma-4-E4B-it,personal_image_spam,0.77,107,0.280373831776,0.21897810219,1,0.280373831776,0,0,0,0.719626168224,0,107,0,77,77,30,0.990654205607,0.8,0.85,0.05,False
E4B,google/gemma-4-E4B-it,personal_image_spam,0.78,107,0.280373831776,0.21897810219,1,0.280373831776,0,0,0,0.719626168224,0,107,0,77,77,30,0.990654205607,0.8,0.85,0.05,False
E4B,google/gemma-4-E4B-it,personal_image_spam,0.79,107,0.280373831776,0.21897810219,1,0.280373831776,0,0,0,0.719626168224,0,107,0,77,77,30,0.990654205607,0.8,0.85,0.05,False
E4B,google/gemma-4-E4B-it,personal_image_spam,0.80,107,0.280373831776,0.21897810219,1,0.280373831776,0,0,0,0.719626168224,0,107,0,77,77,30,0.990654205607,0.8,0.85,0.05,False
E4B,google/gemma-4-E4B-it,personal_image_spam,0.81,107,0.271028037383,0.213235294118,1,0.271028037383,0,0,0,0.728971962617,0,107,0,78,78,29,0.990654205607,0.8,0.85,0.05,False
E4B,google/gemma-4-E4B-it,personal_image_spam,0.82,107,0.271028037383,0.213235294118,1,0.271028037383,0,0,0,0.728971962617,0,107,0,78,78,29,0.990654205607,0.8,0.85,0.05,False
E4B,google/gemma-4-E4B-it,personal_image_spam,0.83,107,0.271028037383,0.213235294118,1,0.271028037383,0,0,0,0.728971962617,0,107,0,78,78,29,0.990654205607,0.8,0.85,0.05,False
E4B,google/gemma-4-E4B-it,personal_image_spam,0.84,107,0.271028037383,0.213235294118,1,0.271028037383,0,0,0,0.728971962617,0,107,0,78,78,29,0.990654205607,0.8,0.85,0.05,False
E4B,google/gemma-4-E4B-it,personal_image_spam,0.85,107,0.271028037383,0.213235294118,1,0.271028037383,0,0,0,0.728971962617,0,107,0,78,78,29,0.990654205607,0.8,0.85,0.05,False
E4B,google/gemma-4-E4B-it,personal_image_spam,0.86,107,0.271028037383,0.213235294118,1,0.271028037383,0,0,0,0.728971962617,0,107,0,78,78,29,0.990654205607,0.8,0.85,0.05,False
E4B,google/gemma-4-E4B-it,personal_image_spam,0.87,107,0.271028037383,0.213235294118,1,0.271028037383,0,0,0,0.728971962617,0,107,0,78,78,29,0.990654205607,0.8,0.85,0.05,False
E4B,google/gemma-4-E4B-it,personal_image_spam,0.88,107,0.271028037383,0.213235294118,1,0.271028037383,0,0,0,0.728971962617,0,107,0,78,78,29,0.990654205607,0.8,0.85,0.05,False
E4B,google/gemma-4-E4B-it,personal_image_spam,0.89,107,0.271028037383,0.213235294118,1,0.271028037383,0,0,0,0.728971962617,0,107,0,78,78,29,0.990654205607,0.8,0.85,0.05,False
E4B,google/gemma-4-E4B-it,personal_image_spam,0.90,107,0.271028037383,0.213235294118,1,0.271028037383,0,0,0,0.728971962617,0,107,0,78,78,29,0.990654205607,0.8,0.85,0.05,False
E4B,google/gemma-4-E4B-it,personal_image_spam,0.91,107,0.261682242991,0.207407407407,1,0.261682242991,0,0,0,0.738317757009,0,107,0,79,79,28,0.990654205607,0.8,0.85,0.05,False
E4B,google/gemma-4-E4B-it,personal_image_spam,0.92,107,0.261682242991,0.207407407407,1,0.261682242991,0,0,0,0.738317757009,0,107,0,79,79,28,0.990654205607,0.8,0.85,0.05,False
E4B,google/gemma-4-E4B-it,personal_image_spam,0.93,107,0.261682242991,0.207407407407,1,0.261682242991,0,0,0,0.738317757009,0,107,0,79,79,28,0.990654205607,0.8,0.85,0.05,False
E4B,google/gemma-4-E4B-it,personal_image_spam,0.94,107,0.261682242991,0.207407407407,1,0.261682242991,0,0,0,0.738317757009,0,107,0,79,79,28,0.990654205607,0.8,0.85,0.05,False
E4B,google/gemma-4-E4B-it,personal_image_spam,0.95,107,0.261682242991,0.207407407407,1,0.261682242991,0,0,0,0.738317757009,0,107,0,79,79,28,0.990654205607,0.8,0.85,0.05,False
E4B,google/gemma-4-E4B-it,personal_image_spam,0.96,107,0.252336448598,0.201492537313,1,0.252336448598,0,0,0,0.747663551402,0,107,0,80,80,27,0.990654205607,0.8,0.85,0.05,False
E4B,google/gemma-4-E4B-it,personal_image_spam,0.97,107,0.252336448598,0.201492537313,1,0.252336448598,0,0,0,0.747663551402,0,107,0,80,80,27,0.990654205607,0.8,0.85,0.05,False
E4B,google/gemma-4-E4B-it,personal_image_spam,0.98,107,0.252336448598,0.201492537313,1,0.252336448598,0,0,0,0.747663551402,0,107,0,80,80,27,0.990654205607,0.8,0.85,0.05,False
E4B,google/gemma-4-E4B-it,personal_image_spam,0.99,107,0.252336448598,0.201492537313,1,0.252336448598,0,0,0,0.747663551402,0,107,0,80,80,27,0.990654205607,0.8,0.85,0.05,False
E4B,google/gemma-4-E4B-it,personal_image_spam,1.00,107,0.252336448598,0.201492537313,1,0.252336448598,0,0,0,0.747663551402,0,107,0,80,80,27,0.990654205607,0.8,0.85,0.05,False
