model_tier,tau_low,tau_high,cost,policy_cost,policy_ok,false_negative,hard_false_positive,soft_false_positive,scam_missed_safe,scam_escalated_suspicious,scam_caught_scam,safe_passed_safe,safe_escalated_suspicious,safe_flagged_scam,scam_miss_rate,scam_capture_rate,hard_false_positive_rate,soft_false_positive_rate,suspicious_rate,decisive_rate,n
E4B,0.75,0.95,49.5,51.35,True,19,103,99,19,37,199,798,99,103,0.07450980392156863,0.9254901960784314,0.103,0.099,0.10836653386454183,0.8916334661354581,1255
E4B,0.8,0.95,49.5,51.35,True,19,103,99,19,37,199,798,99,103,0.07450980392156863,0.9254901960784314,0.103,0.099,0.10836653386454183,0.8916334661354581,1255
E4B,0.7,0.95,52.400000000000006,54.35000000000001,True,17,103,148,17,39,199,749,148,103,0.06666666666666667,0.9333333333333333,0.103,0.148,0.14900398406374502,0.850996015936255,1255
E4B,0.65,0.95,52.6,54.550000000000004,True,17,103,150,17,39,199,747,150,103,0.06666666666666667,0.9333333333333333,0.103,0.15,0.150597609561753,0.8494023904382471,1255
E4B,0.55,0.95,53.1,55.2,True,14,103,185,14,42,199,712,185,103,0.054901960784313725,0.9450980392156862,0.103,0.185,0.18087649402390438,0.8191235059760956,1255
E4B,0.6,0.95,53.1,55.2,True,14,103,185,14,42,199,712,185,103,0.054901960784313725,0.9450980392156862,0.103,0.185,0.18087649402390438,0.8191235059760956,1255
E4B,0.45,0.95,53.7,55.95,True,11,103,221,11,45,199,676,221,103,0.043137254901960784,0.9568627450980393,0.103,0.221,0.21195219123505976,0.7880478087649403,1255
E4B,0.9,0.95,53.900000000000006,55.400000000000006,True,26,103,73,26,30,199,824,73,103,0.10196078431372549,0.8980392156862745,0.103,0.073,0.08207171314741035,0.9179282868525896,1255
E4B,0.5,0.95,54.2,56.35,True,13,103,206,13,43,199,691,206,103,0.050980392156862744,0.9490196078431372,0.103,0.206,0.19840637450199203,0.801593625498008,1255
E4B,0.85,0.95,54.400000000000006,55.900000000000006,True,26,103,78,26,30,199,819,78,103,0.10196078431372549,0.8980392156862745,0.103,0.078,0.08605577689243028,0.9139442231075697,1255
E4B,0.75,0.9,56.800000000000004,57.150000000000006,False,19,176,26,19,7,229,798,26,176,0.07450980392156863,0.9254901960784314,0.176,0.026,0.026294820717131476,0.9737051792828685,1255
E4B,0.8,0.9,56.800000000000004,57.150000000000006,False,19,176,26,19,7,229,798,26,176,0.07450980392156863,0.9254901960784314,0.176,0.026,0.026294820717131476,0.9737051792828685,1255
E4B,0.4,0.95,57.1,59.35,True,11,103,255,11,45,199,642,255,103,0.043137254901960784,0.9568627450980393,0.103,0.255,0.23904382470119523,0.7609561752988048,1255
E4B,0.75,0.85,57.300000000000004,57.650000000000006,False,19,181,21,19,7,229,798,21,181,0.07450980392156863,0.9254901960784314,0.181,0.021,0.022310756972111555,0.9776892430278884,1255
E4B,0.8,0.85,57.300000000000004,57.650000000000006,False,19,181,21,19,7,229,798,21,181,0.07450980392156863,0.9254901960784314,0.181,0.021,0.022310756972111555,0.9776892430278884,1255
E4B,0.35,0.95,57.5,59.75,True,11,103,259,11,45,199,638,259,103,0.043137254901960784,0.9568627450980393,0.103,0.259,0.24223107569721117,0.7577689243027889,1255
E4B,0.75,0.8,59.400000000000006,59.400000000000006,False,19,202,0,19,0,236,798,0,202,0.07450980392156863,0.9254901960784314,0.202,0.0,0.0,1.0,1255
E4B,0.7,0.9,59.7,60.150000000000006,False,17,176,75,17,9,229,749,75,176,0.06666666666666667,0.9333333333333333,0.176,0.075,0.06693227091633466,0.9330677290836653,1255
E4B,0.65,0.9,59.900000000000006,60.35000000000001,False,17,176,77,17,9,229,747,77,176,0.06666666666666667,0.9333333333333333,0.176,0.077,0.06852589641434263,0.9314741035856574,1255
E4B,0.7,0.85,60.2,60.650000000000006,False,17,181,70,17,9,229,749,70,181,0.06666666666666667,0.9333333333333333,0.181,0.07,0.06294820717131475,0.9370517928286852,1255
E4B,0.55,0.9,60.400000000000006,61.00000000000001,False,14,176,112,14,12,229,712,112,176,0.054901960784313725,0.9450980392156862,0.176,0.112,0.09880478087649402,0.901195219123506,1255
E4B,0.6,0.9,60.400000000000006,61.00000000000001,False,14,176,112,14,12,229,712,112,176,0.054901960784313725,0.9450980392156862,0.176,0.112,0.09880478087649402,0.901195219123506,1255
E4B,0.65,0.85,60.400000000000006,60.85000000000001,False,17,181,72,17,9,229,747,72,181,0.06666666666666667,0.9333333333333333,0.181,0.072,0.06454183266932272,0.9354581673306773,1255
E4B,0.3,0.95,60.5,72.87500000000001,False,11,103,289,11,45,199,608,289,103,0.043137254901960784,0.9568627450980393,0.103,0.289,0.2661354581673307,0.7338645418326694,1255
E4B,0.25,0.95,60.6,73.475,False,11,103,290,11,45,199,607,290,103,0.043137254901960784,0.9568627450980393,0.103,0.29,0.26693227091633465,0.7330677290836654,1255
E4B,0.55,0.85,60.900000000000006,61.50000000000001,False,14,181,107,14,12,229,712,107,181,0.054901960784313725,0.9450980392156862,0.181,0.107,0.09482071713147411,0.9051792828685259,1255
E4B,0.6,0.85,60.900000000000006,61.50000000000001,False,14,181,107,14,12,229,712,107,181,0.054901960784313725,0.9450980392156862,0.181,0.107,0.09482071713147411,0.9051792828685259,1255
E4B,0.45,0.9,61.0,61.75,False,11,176,148,11,15,229,676,148,176,0.043137254901960784,0.9568627450980393,0.176,0.148,0.1298804780876494,0.8701195219123506,1255
E4B,0.45,0.85,61.5,62.25,False,11,181,143,11,15,229,676,143,181,0.043137254901960784,0.9568627450980393,0.181,0.143,0.1258964143426295,0.8741035856573706,1255
E4B,0.5,0.9,61.5,62.15,False,13,176,133,13,13,229,691,133,176,0.050980392156862744,0.9490196078431372,0.176,0.133,0.11633466135458168,0.8836653386454183,1255
E4B,0.85,0.9,61.7,61.7,False,26,176,5,26,0,229,819,5,176,0.10196078431372549,0.8980392156862745,0.176,0.005,0.00398406374501992,0.9960159362549801,1255
E4B,0.5,0.85,62.0,62.65,False,13,181,128,13,13,229,691,128,181,0.050980392156862744,0.9490196078431372,0.181,0.128,0.11235059760956176,0.8876494023904382,1255
E4B,0.7,0.75,62.300000000000004,62.400000000000006,False,17,202,49,17,2,236,749,49,202,0.06666666666666667,0.9333333333333333,0.202,0.049,0.04063745019920319,0.9593625498007968,1255
E4B,0.7,0.8,62.300000000000004,62.400000000000006,False,17,202,49,17,2,236,749,49,202,0.06666666666666667,0.9333333333333333,0.202,0.049,0.04063745019920319,0.9593625498007968,1255
E4B,0.65,0.75,62.50000000000001,62.60000000000001,False,17,202,51,17,2,236,747,51,202,0.06666666666666667,0.9333333333333333,0.202,0.051,0.04223107569721116,0.9577689243027888,1255
E4B,0.65,0.8,62.50000000000001,62.60000000000001,False,17,202,51,17,2,236,747,51,202,0.06666666666666667,0.9333333333333333,0.202,0.051,0.04223107569721116,0.9577689243027888,1255
E4B,0.55,0.75,63.00000000000001,63.25000000000001,False,14,202,86,14,5,236,712,86,202,0.054901960784313725,0.9450980392156862,0.202,0.086,0.07250996015936255,0.9274900398406375,1255
E4B,0.6,0.75,63.00000000000001,63.25000000000001,False,14,202,86,14,5,236,712,86,202,0.054901960784313725,0.9450980392156862,0.202,0.086,0.07250996015936255,0.9274900398406375,1255
E4B,0.55,0.8,63.00000000000001,63.25000000000001,False,14,202,86,14,5,236,712,86,202,0.054901960784313725,0.9450980392156862,0.202,0.086,0.07250996015936255,0.9274900398406375,1255
E4B,0.6,0.8,63.00000000000001,63.25000000000001,False,14,202,86,14,5,236,712,86,202,0.054901960784313725,0.9450980392156862,0.202,0.086,0.07250996015936255,0.9274900398406375,1255
E4B,0.45,0.75,63.60000000000001,64.00000000000001,False,11,202,122,11,8,236,676,122,202,0.043137254901960784,0.9568627450980393,0.202,0.122,0.10358565737051793,0.896414342629482,1255
E4B,0.45,0.8,63.60000000000001,64.00000000000001,False,11,202,122,11,8,236,676,122,202,0.043137254901960784,0.9568627450980393,0.202,0.122,0.10358565737051793,0.896414342629482,1255
E4B,0.5,0.75,64.10000000000001,64.4,False,13,202,107,13,6,236,691,107,202,0.050980392156862744,0.9490196078431372,0.202,0.107,0.0900398406374502,0.9099601593625498,1255
E4B,0.5,0.8,64.10000000000001,64.4,False,13,202,107,13,6,236,691,107,202,0.050980392156862744,0.9490196078431372,0.202,0.107,0.0900398406374502,0.9099601593625498,1255
E4B,0.4,0.9,64.4,65.15,False,11,176,182,11,15,229,642,182,176,0.043137254901960784,0.9568627450980393,0.176,0.182,0.15697211155378485,0.8430278884462151,1255
E4B,0.35,0.9,64.80000000000001,65.55000000000001,False,11,176,186,11,15,229,638,186,176,0.043137254901960784,0.9568627450980393,0.176,0.186,0.1601593625498008,0.8398406374501992,1255
E4B,0.4,0.85,64.9,65.65,False,11,181,177,11,15,229,642,177,181,0.043137254901960784,0.9568627450980393,0.181,0.177,0.15298804780876493,0.847011952191235,1255
E4B,0.35,0.85,65.30000000000001,66.05000000000001,False,11,181,181,11,15,229,638,181,181,0.043137254901960784,0.9568627450980393,0.181,0.181,0.15617529880478087,0.8438247011952191,1255
E4B,0.4,0.75,67.0,67.4,False,11,202,156,11,8,236,642,156,202,0.043137254901960784,0.9568627450980393,0.202,0.156,0.1306772908366534,0.8693227091633466,1255
E4B,0.4,0.8,67.0,67.4,False,11,202,156,11,8,236,642,156,202,0.043137254901960784,0.9568627450980393,0.202,0.156,0.1306772908366534,0.8693227091633466,1255
E4B,0.35,0.75,67.4,67.80000000000001,False,11,202,160,11,8,236,638,160,202,0.043137254901960784,0.9568627450980393,0.202,0.16,0.13386454183266933,0.8661354581673307,1255
E4B,0.35,0.8,67.4,67.80000000000001,False,11,202,160,11,8,236,638,160,202,0.043137254901960784,0.9568627450980393,0.202,0.16,0.13386454183266933,0.8661354581673307,1255
E4B,0.65,0.7,67.4,67.4,False,17,251,2,17,0,238,747,2,251,0.06666666666666667,0.9333333333333333,0.251,0.002,0.0015936254980079682,0.998406374501992,1255
E4B,0.3,0.9,67.80000000000001,68.55000000000001,False,11,176,216,11,15,229,608,216,176,0.043137254901960784,0.9568627450980393,0.176,0.216,0.18406374501992032,0.8159362549800797,1255
E4B,0.25,0.9,67.9,68.65,False,11,176,217,11,15,229,607,217,176,0.043137254901960784,0.9568627450980393,0.176,0.217,0.1848605577689243,0.8151394422310757,1255
E4B,0.55,0.7,67.9,68.05000000000001,False,14,251,37,14,3,238,712,37,251,0.054901960784313725,0.9450980392156862,0.251,0.037,0.03187250996015936,0.9681274900398407,1255
E4B,0.6,0.7,67.9,68.05000000000001,False,14,251,37,14,3,238,712,37,251,0.054901960784313725,0.9450980392156862,0.251,0.037,0.03187250996015936,0.9681274900398407,1255
E4B,0.55,0.65,68.1,68.25,False,14,253,35,14,3,238,712,35,253,0.054901960784313725,0.9450980392156862,0.253,0.035,0.030278884462151396,0.9697211155378486,1255
E4B,0.6,0.65,68.1,68.25,False,14,253,35,14,3,238,712,35,253,0.054901960784313725,0.9450980392156862,0.253,0.035,0.030278884462151396,0.9697211155378486,1255
E4B,0.3,0.85,68.30000000000001,69.05000000000001,False,11,181,211,11,15,229,608,211,181,0.043137254901960784,0.9568627450980393,0.181,0.211,0.1800796812749004,0.8199203187250996,1255
E4B,0.25,0.85,68.4,69.15,False,11,181,212,11,15,229,607,212,181,0.043137254901960784,0.9568627450980393,0.181,0.212,0.18087649402390438,0.8191235059760956,1255
E4B,0.45,0.7,68.5,68.8,False,11,251,73,11,6,238,676,73,251,0.043137254901960784,0.9568627450980393,0.251,0.073,0.06294820717131475,0.9370517928286852,1255
E4B,0.45,0.65,68.7,69.0,False,11,253,71,11,6,238,676,71,253,0.043137254901960784,0.9568627450980393,0.253,0.071,0.06135458167330677,0.9386454183266932,1255
E4B,0.5,0.7,69.0,69.2,False,13,251,58,13,4,238,691,58,251,0.050980392156862744,0.9490196078431372,0.251,0.058,0.04940239043824701,0.950597609561753,1255
E4B,0.5,0.65,69.2,69.4,False,13,253,56,13,4,238,691,56,253,0.050980392156862744,0.9490196078431372,0.253,0.056,0.04780876494023904,0.952191235059761,1255
E4B,0.3,0.75,70.4,70.80000000000001,False,11,202,190,11,8,236,608,190,202,0.043137254901960784,0.9568627450980393,0.202,0.19,0.15776892430278885,0.8422310756972111,1255
E4B,0.3,0.8,70.4,70.80000000000001,False,11,202,190,11,8,236,608,190,202,0.043137254901960784,0.9568627450980393,0.202,0.19,0.15776892430278885,0.8422310756972111,1255
E4B,0.25,0.75,70.5,70.9,False,11,202,191,11,8,236,607,191,202,0.043137254901960784,0.9568627450980393,0.202,0.191,0.15856573705179283,0.8414342629482072,1255
E4B,0.25,0.8,70.5,70.9,False,11,202,191,11,8,236,607,191,202,0.043137254901960784,0.9568627450980393,0.202,0.191,0.15856573705179283,0.8414342629482072,1255
E4B,0.55,0.6,71.6,71.6,False,14,288,0,14,0,241,712,0,288,0.054901960784313725,0.9450980392156862,0.288,0.0,0.0,1.0,1255
E4B,0.4,0.7,71.9,72.2,False,11,251,107,11,6,238,642,107,251,0.043137254901960784,0.9568627450980393,0.251,0.107,0.0900398406374502,0.9099601593625498,1255
E4B,0.4,0.65,72.1,72.39999999999999,False,11,253,105,11,6,238,642,105,253,0.043137254901960784,0.9568627450980393,0.253,0.105,0.08844621513944223,0.9115537848605577,1255
E4B,0.45,0.55,72.19999999999999,72.35,False,11,288,36,11,3,241,676,36,288,0.043137254901960784,0.9568627450980393,0.288,0.036,0.031075697211155377,0.9689243027888447,1255
E4B,0.45,0.6,72.19999999999999,72.35,False,11,288,36,11,3,241,676,36,288,0.043137254901960784,0.9568627450980393,0.288,0.036,0.031075697211155377,0.9689243027888447,1255
E4B,0.35,0.7,72.30000000000001,72.60000000000001,False,11,251,111,11,6,238,638,111,251,0.043137254901960784,0.9568627450980393,0.251,0.111,0.09322709163346614,0.9067729083665339,1255
E4B,0.35,0.65,72.5,72.8,False,11,253,109,11,6,238,638,109,253,0.043137254901960784,0.9568627450980393,0.253,0.109,0.09163346613545817,0.9083665338645418,1255
E4B,0.5,0.55,72.69999999999999,72.74999999999999,False,13,288,21,13,1,241,691,21,288,0.050980392156862744,0.9490196078431372,0.288,0.021,0.01752988047808765,0.9824701195219123,1255
E4B,0.5,0.6,72.69999999999999,72.74999999999999,False,13,288,21,13,1,241,691,21,288,0.050980392156862744,0.9490196078431372,0.288,0.021,0.01752988047808765,0.9824701195219123,1255
E4B,0.2,0.95,73.9,164.375,False,9,103,443,9,47,199,454,443,103,0.03529411764705882,0.9647058823529412,0.103,0.443,0.3904382470119522,0.6095617529880478,1255
E2B,0.05,0.95,74.10000000000001,388.57500000000005,False,7,0,671,7,247,1,329,671,0,0.027450980392156862,0.9725490196078431,0.0,0.671,0.7314741035856573,0.2685258964143426,1255
E4B,0.45,0.5,74.30000000000001,74.4,False,11,309,15,11,2,242,676,15,309,0.043137254901960784,0.9568627450980393,0.309,0.015,0.013545816733067729,0.9864541832669322,1255
E2B,0.05,0.85,74.39999999999999,380.225,False,7,3,668,7,234,14,329,668,3,0.027450980392156862,0.9725490196078431,0.003,0.668,0.7187250996015936,0.28127490039840636,1255
E2B,0.05,0.9,74.39999999999999,380.225,False,7,3,668,7,234,14,329,668,3,0.027450980392156862,0.9725490196078431,0.003,0.668,0.7187250996015936,0.28127490039840636,1255
E2B,0.05,0.45,74.89999999999999,377.67500000000007,False,7,8,663,7,233,15,329,663,8,0.027450980392156862,0.9725490196078431,0.008,0.663,0.7139442231075698,0.2860557768924303,1255
E2B,0.05,0.5,74.89999999999999,377.67500000000007,False,7,8,663,7,233,15,329,663,8,0.027450980392156862,0.9725490196078431,0.008,0.663,0.7139442231075698,0.2860557768924303,1255
E2B,0.05,0.55,74.89999999999999,377.67500000000007,False,7,8,663,7,233,15,329,663,8,0.027450980392156862,0.9725490196078431,0.008,0.663,0.7139442231075698,0.2860557768924303,1255
E2B,0.05,0.6,74.89999999999999,377.67500000000007,False,7,8,663,7,233,15,329,663,8,0.027450980392156862,0.9725490196078431,0.008,0.663,0.7139442231075698,0.2860557768924303,1255
E2B,0.05,0.65,74.89999999999999,377.67500000000007,False,7,8,663,7,233,15,329,663,8,0.027450980392156862,0.9725490196078431,0.008,0.663,0.7139442231075698,0.2860557768924303,1255
E2B,0.05,0.7,74.89999999999999,377.67500000000007,False,7,8,663,7,233,15,329,663,8,0.027450980392156862,0.9725490196078431,0.008,0.663,0.7139442231075698,0.2860557768924303,1255
E2B,0.05,0.75,74.89999999999999,377.67500000000007,False,7,8,663,7,233,15,329,663,8,0.027450980392156862,0.9725490196078431,0.008,0.663,0.7139442231075698,0.2860557768924303,1255
E2B,0.05,0.8,74.89999999999999,377.67500000000007,False,7,8,663,7,233,15,329,663,8,0.027450980392156862,0.9725490196078431,0.008,0.663,0.7139442231075698,0.2860557768924303,1255
E4B,0.15,0.95,74.9,170.375,False,9,103,453,9,47,199,444,453,103,0.03529411764705882,0.9647058823529412,0.103,0.453,0.398406374501992,0.601593625498008,1255
E2B,0.05,0.35,75.30000000000001,376.07500000000005,False,7,12,659,7,233,15,329,659,12,0.027450980392156862,0.9725490196078431,0.012,0.659,0.7107569721115538,0.2892430278884462,1255
E2B,0.05,0.4,75.30000000000001,376.07500000000005,False,7,12,659,7,233,15,329,659,12,0.027450980392156862,0.9725490196078431,0.012,0.659,0.7107569721115538,0.2892430278884462,1255
E4B,0.3,0.7,75.30000000000001,75.60000000000001,False,11,251,141,11,6,238,608,141,251,0.043137254901960784,0.9568627450980393,0.251,0.141,0.11713147410358565,0.8828685258964143,1255
E2B,0.05,0.25,75.39999999999999,375.67499999999995,False,7,13,658,7,233,15,329,658,13,0.027450980392156862,0.9725490196078431,0.013,0.658,0.7099601593625497,0.2900398406374502,1255
E2B,0.05,0.3,75.39999999999999,375.67499999999995,False,7,13,658,7,233,15,329,658,13,0.027450980392156862,0.9725490196078431,0.013,0.658,0.7099601593625497,0.2900398406374502,1255
E4B,0.25,0.7,75.4,75.7,False,11,251,142,11,6,238,607,142,251,0.043137254901960784,0.9568627450980393,0.251,0.142,0.11792828685258964,0.8820717131474104,1255
E4B,0.3,0.65,75.5,75.8,False,11,253,139,11,6,238,608,139,253,0.043137254901960784,0.9568627450980393,0.253,0.139,0.11553784860557768,0.8844621513944223,1255
E4B,0.25,0.65,75.6,75.89999999999999,False,11,253,140,11,6,238,607,140,253,0.043137254901960784,0.9568627450980393,0.253,0.14,0.11633466135458168,0.8836653386454183,1255
E4B,0.4,0.55,75.6,75.75,False,11,288,70,11,3,241,642,70,288,0.043137254901960784,0.9568627450980393,0.288,0.07,0.05816733067729084,0.9418326693227091,1255
E4B,0.4,0.6,75.6,75.75,False,11,288,70,11,3,241,642,70,288,0.043137254901960784,0.9568627450980393,0.288,0.07,0.05816733067729084,0.9418326693227091,1255
E4B,0.35,0.55,76.0,76.15,False,11,288,74,11,3,241,638,74,288,0.043137254901960784,0.9568627450980393,0.288,0.074,0.06135458167330677,0.9386454183266932,1255
E4B,0.35,0.6,76.0,76.15,False,11,288,74,11,3,241,638,74,288,0.043137254901960784,0.9568627450980393,0.288,0.074,0.06135458167330677,0.9386454183266932,1255
E4B,0.4,0.5,77.70000000000002,77.80000000000001,False,11,309,49,11,2,242,642,49,309,0.043137254901960784,0.9568627450980393,0.309,0.049,0.04063745019920319,0.9593625498007968,1255
E4B,0.35,0.5,78.10000000000001,78.2,False,11,309,53,11,2,242,638,53,309,0.043137254901960784,0.9568627450980393,0.309,0.053,0.043824701195219126,0.9561752988047809,1255
E2B,0.05,0.2,78.6,362.875,False,7,45,626,7,233,15,329,626,45,0.027450980392156862,0.9725490196078431,0.045,0.626,0.6844621513944223,0.3155378486055777,1255
E4B,0.3,0.55,79.0,79.15,False,11,288,104,11,3,241,608,104,288,0.043137254901960784,0.9568627450980393,0.288,0.104,0.08525896414342629,0.9147410358565737,1255
E4B,0.3,0.6,79.0,79.15,False,11,288,104,11,3,241,608,104,288,0.043137254901960784,0.9568627450980393,0.288,0.104,0.08525896414342629,0.9147410358565737,1255
E4B,0.25,0.55,79.1,79.25,False,11,288,105,11,3,241,607,105,288,0.043137254901960784,0.9568627450980393,0.288,0.105,0.08605577689243028,0.9139442231075697,1255
E4B,0.25,0.6,79.1,79.25,False,11,288,105,11,3,241,607,105,288,0.043137254901960784,0.9568627450980393,0.288,0.105,0.08605577689243028,0.9139442231075697,1255
E4B,0.4,0.45,79.2,79.2,False,11,324,34,11,0,244,642,34,324,0.043137254901960784,0.9568627450980393,0.324,0.034,0.027091633466135457,0.9729083665338646,1255
E4B,0.35,0.45,79.6,79.6,False,11,324,38,11,0,244,638,38,324,0.043137254901960784,0.9568627450980393,0.324,0.038,0.030278884462151396,0.9697211155378486,1255
E4B,0.3,0.5,81.10000000000001,81.2,False,11,309,83,11,2,242,608,83,309,0.043137254901960784,0.9568627450980393,0.309,0.083,0.06772908366533864,0.9322709163346613,1255
E4B,0.2,0.9,81.2,118.67499999999998,False,9,176,370,9,17,229,454,370,176,0.03529411764705882,0.9647058823529412,0.176,0.37,0.3083665338645418,0.6916334661354582,1255
E4B,0.25,0.5,81.20000000000002,81.30000000000001,False,11,309,84,11,2,242,607,84,309,0.043137254901960784,0.9568627450980393,0.309,0.084,0.06852589641434263,0.9314741035856574,1255
E4B,0.2,0.85,81.7,116.675,False,9,181,365,9,17,229,454,365,181,0.03529411764705882,0.9647058823529412,0.181,0.365,0.3043824701195219,0.6956175298804781,1255
E2B,0.05,0.15,81.9,349.125,False,7,78,593,7,232,16,329,593,78,0.027450980392156862,0.9725490196078431,0.078,0.593,0.6573705179282868,0.3426294820717131,1255
E4B,0.15,0.9,82.2,124.67499999999998,False,9,176,380,9,17,229,444,380,176,0.03529411764705882,0.9647058823529412,0.176,0.38,0.31633466135458166,0.6836653386454183,1255
E4B,0.3,0.45,82.6,82.6,False,11,324,68,11,0,244,608,68,324,0.043137254901960784,0.9568627450980393,0.324,0.068,0.054183266932270914,0.9458167330677291,1255
E4B,0.15,0.85,82.7,122.67499999999998,False,9,181,375,9,17,229,444,375,181,0.03529411764705882,0.9647058823529412,0.181,0.375,0.31235059760956174,0.6876494023904383,1255
E4B,0.25,0.45,82.7,82.7,False,11,324,69,11,0,244,607,69,324,0.043137254901960784,0.9568627450980393,0.324,0.069,0.0549800796812749,0.9450199203187251,1255
E4B,0.1,0.95,83.0,230.075,False,7,103,554,7,49,199,343,554,103,0.027450980392156862,0.9725490196078431,0.103,0.554,0.48047808764940236,0.5195219123505976,1255
E4B,0.35,0.4,83.00000000000001,83.00000000000001,False,11,358,4,11,0,244,638,4,358,0.043137254901960784,0.9568627450980393,0.358,0.004,0.0031872509960159364,0.9968127490039841,1255
E4B,0.2,0.75,83.80000000000001,104.42500000000001,False,9,202,344,9,10,236,454,344,202,0.03529411764705882,0.9647058823529412,0.202,0.344,0.28207171314741036,0.7179282868525897,1255
E4B,0.2,0.8,83.80000000000001,104.42500000000001,False,9,202,344,9,10,236,454,344,202,0.03529411764705882,0.9647058823529412,0.202,0.344,0.28207171314741036,0.7179282868525897,1255
E4B,0.15,0.75,84.80000000000001,110.42500000000001,False,9,202,354,9,10,236,444,354,202,0.03529411764705882,0.9647058823529412,0.202,0.354,0.2900398406374502,0.7099601593625497,1255
E4B,0.15,0.8,84.80000000000001,110.42500000000001,False,9,202,354,9,10,236,444,354,202,0.03529411764705882,0.9647058823529412,0.202,0.354,0.2900398406374502,0.7099601593625497,1255
E2B,0.05,0.1,85.1,335.77500000000003,False,7,110,561,7,231,17,329,561,110,0.027450980392156862,0.9725490196078431,0.11,0.561,0.6310756972111554,0.36892430278884464,1255
E4B,0.3,0.4,86.00000000000001,86.00000000000001,False,11,358,34,11,0,244,608,34,358,0.043137254901960784,0.9568627450980393,0.358,0.034,0.027091633466135457,0.9729083665338646,1255
E4B,0.25,0.4,86.10000000000001,86.10000000000001,False,11,358,35,11,0,244,607,35,358,0.043137254901960784,0.9568627450980393,0.358,0.035,0.027888446215139442,0.9721115537848606,1255
E4B,0.3,0.35,86.4,86.4,False,11,362,30,11,0,244,608,30,362,0.043137254901960784,0.9568627450980393,0.362,0.03,0.02390438247011952,0.9760956175298805,1255
E4B,0.25,0.35,86.5,86.5,False,11,362,31,11,0,244,607,31,362,0.043137254901960784,0.9568627450980393,0.362,0.031,0.024701195219123506,0.9752988047808765,1255
E4B,0.2,0.7,88.7,89.10000000000001,False,9,251,295,9,8,238,454,295,251,0.03529411764705882,0.9647058823529412,0.251,0.295,0.24143426294820716,0.7585657370517929,1255
E4B,0.2,0.65,88.9,89.30000000000001,False,9,253,293,9,8,238,454,293,253,0.03529411764705882,0.9647058823529412,0.253,0.293,0.2398406374501992,0.7601593625498008,1255
E4B,0.25,0.3,89.5,89.5,False,11,392,1,11,0,244,607,1,392,0.043137254901960784,0.9568627450980393,0.392,0.001,0.0007968127490039841,0.999203187250996,1255
E4B,0.15,0.7,89.7,90.10000000000001,False,9,251,305,9,8,238,444,305,251,0.03529411764705882,0.9647058823529412,0.251,0.305,0.24940239043824702,0.750597609561753,1255
E4B,0.15,0.65,89.9,90.30000000000001,False,9,253,303,9,8,238,444,303,253,0.03529411764705882,0.9647058823529412,0.253,0.303,0.24780876494023904,0.7521912350597609,1255
E4B,0.1,0.9,90.30000000000001,184.375,False,7,176,481,7,19,229,343,481,176,0.027450980392156862,0.9725490196078431,0.176,0.481,0.398406374501992,0.601593625498008,1255
E4B,0.1,0.85,90.80000000000001,182.375,False,7,181,476,7,19,229,343,476,181,0.027450980392156862,0.9725490196078431,0.181,0.476,0.3944223107569721,0.6055776892430279,1255
E4B,0.2,0.55,92.39999999999999,92.64999999999999,False,9,288,258,9,5,241,454,258,288,0.03529411764705882,0.9647058823529412,0.288,0.258,0.2095617529880478,0.7904382470119522,1255
E4B,0.2,0.6,92.39999999999999,92.64999999999999,False,9,288,258,9,5,241,454,258,288,0.03529411764705882,0.9647058823529412,0.288,0.258,0.2095617529880478,0.7904382470119522,1255
E4B,0.1,0.75,92.9,170.125,False,7,202,455,7,12,236,343,455,202,0.027450980392156862,0.9725490196078431,0.202,0.455,0.37211155378486055,0.6278884462151394,1255
E4B,0.1,0.8,92.9,170.125,False,7,202,455,7,12,236,343,455,202,0.027450980392156862,0.9725490196078431,0.202,0.455,0.37211155378486055,0.6278884462151394,1255
E4B,0.15,0.55,93.39999999999999,93.64999999999999,False,9,288,268,9,5,241,444,268,288,0.03529411764705882,0.9647058823529412,0.288,0.268,0.21752988047808766,0.7824701195219124,1255
E4B,0.15,0.6,93.39999999999999,93.64999999999999,False,9,288,268,9,5,241,444,268,288,0.03529411764705882,0.9647058823529412,0.288,0.268,0.21752988047808766,0.7824701195219124,1255
E4B,0.2,0.5,94.50000000000001,94.70000000000002,False,9,309,237,9,4,242,454,237,309,0.03529411764705882,0.9647058823529412,0.309,0.237,0.19203187250996015,0.8079681274900399,1255
E4B,0.15,0.5,95.50000000000001,95.70000000000002,False,9,309,247,9,4,242,444,247,309,0.03529411764705882,0.9647058823529412,0.309,0.247,0.2,0.8,1255
E4B,0.2,0.45,96.0,96.1,False,9,324,222,9,2,244,454,222,324,0.03529411764705882,0.9647058823529412,0.324,0.222,0.17848605577689244,0.8215139442231075,1255
E4B,0.05,0.95,96.6,339.42499999999995,False,2,103,740,2,54,199,157,740,103,0.00784313725490196,0.9921568627450981,0.103,0.74,0.6326693227091633,0.3673306772908366,1255
E4B,0.15,0.45,97.0,97.1,False,9,324,232,9,2,244,444,232,324,0.03529411764705882,0.9647058823529412,0.324,0.232,0.18645418326693228,0.8135458167330677,1255
E4B,0.1,0.7,97.80000000000001,149.425,False,7,251,406,7,10,238,343,406,251,0.027450980392156862,0.9725490196078431,0.251,0.406,0.3314741035856574,0.6685258964143427,1255
E4B,0.1,0.65,98.0,148.625,False,7,253,404,7,10,238,343,404,253,0.027450980392156862,0.9725490196078431,0.253,0.404,0.3298804780876494,0.6701195219123506,1255
E4B,0.2,0.4,99.4,99.5,False,9,358,188,9,2,244,454,188,358,0.03529411764705882,0.9647058823529412,0.358,0.188,0.15139442231075698,0.848605577689243,1255
E4B,0.2,0.35,99.80000000000001,99.9,False,9,362,184,9,2,244,454,184,362,0.03529411764705882,0.9647058823529412,0.362,0.184,0.14820717131474104,0.851792828685259,1255
E4B,0.15,0.4,100.4,100.5,False,9,358,198,9,2,244,444,198,358,0.03529411764705882,0.9647058823529412,0.358,0.198,0.1593625498007968,0.8406374501992032,1255
E4B,0.15,0.35,100.80000000000001,100.9,False,9,362,194,9,2,244,444,194,362,0.03529411764705882,0.9647058823529412,0.362,0.194,0.15617529880478087,0.8438247011952191,1255
E4B,0.1,0.55,101.5,132.97499999999997,False,7,288,369,7,7,241,343,369,288,0.027450980392156862,0.9725490196078431,0.288,0.369,0.299601593625498,0.700398406374502,1255
E4B,0.1,0.6,101.5,132.97499999999997,False,7,288,369,7,7,241,343,369,288,0.027450980392156862,0.9725490196078431,0.288,0.369,0.299601593625498,0.700398406374502,1255
E4B,0.2,0.3,102.80000000000001,102.9,False,9,392,154,9,2,244,454,154,392,0.03529411764705882,0.9647058823529412,0.392,0.154,0.12430278884462151,0.8756972111553785,1255
E4B,0.2,0.25,102.9,103.0,False,9,393,153,9,2,244,454,153,393,0.03529411764705882,0.9647058823529412,0.393,0.153,0.12350597609561753,0.8764940239043825,1255
E4B,0.1,0.5,103.60000000000002,124.02500000000002,False,7,309,348,7,6,242,343,348,309,0.027450980392156862,0.9725490196078431,0.309,0.348,0.28207171314741036,0.7179282868525897,1255
E4B,0.15,0.3,103.80000000000001,103.9,False,9,392,164,9,2,244,444,164,392,0.03529411764705882,0.9647058823529412,0.392,0.164,0.13227091633466134,0.8677290836653386,1255
E4B,0.05,0.9,103.9,293.72499999999997,False,2,176,667,2,24,229,157,667,176,0.00784313725490196,0.9921568627450981,0.176,0.667,0.550597609561753,0.44940239043824703,1255
E4B,0.15,0.25,103.9,104.0,False,9,393,163,9,2,244,444,163,393,0.03529411764705882,0.9647058823529412,0.393,0.163,0.13147410358565736,0.8685258964143426,1255
E4B,0.05,0.85,104.4,291.725,False,2,181,662,2,24,229,157,662,181,0.00784313725490196,0.9921568627450981,0.181,0.662,0.546613545816733,0.45338645418326695,1255
E4B,0.1,0.45,105.1,116.92499999999998,False,7,324,333,7,4,244,343,333,324,0.027450980392156862,0.9725490196078431,0.324,0.333,0.2685258964143426,0.7314741035856573,1255
E4B,0.05,0.75,106.50000000000001,279.475,False,2,202,641,2,17,236,157,641,202,0.00784313725490196,0.9921568627450981,0.202,0.641,0.5243027888446216,0.4756972111553785,1255
E4B,0.05,0.8,106.50000000000001,279.475,False,2,202,641,2,17,236,157,641,202,0.00784313725490196,0.9921568627450981,0.202,0.641,0.5243027888446216,0.4756972111553785,1255
E4B,0.1,0.4,108.50000000000001,108.70000000000002,False,7,358,299,7,4,244,343,299,358,0.027450980392156862,0.9725490196078431,0.358,0.299,0.24143426294820716,0.7585657370517929,1255
E4B,0.1,0.35,108.9,109.10000000000001,False,7,362,295,7,4,244,343,295,362,0.027450980392156862,0.9725490196078431,0.362,0.295,0.23824701195219122,0.7617529880478088,1255
E4B,0.05,0.7,111.4,258.775,False,2,251,592,2,15,238,157,592,251,0.00784313725490196,0.9921568627450981,0.251,0.592,0.48366533864541833,0.5163346613545817,1255
E4B,0.05,0.65,111.6,257.975,False,2,253,590,2,15,238,157,590,253,0.00784313725490196,0.9921568627450981,0.253,0.59,0.4820717131474104,0.5179282868525896,1255
E4B,0.1,0.3,111.9,112.10000000000001,False,7,392,265,7,4,244,343,265,392,0.027450980392156862,0.9725490196078431,0.392,0.265,0.21434262948207172,0.7856573705179283,1255
E4B,0.1,0.25,112.00000000000001,112.20000000000002,False,7,393,264,7,4,244,343,264,393,0.027450980392156862,0.9725490196078431,0.393,0.264,0.21354581673306772,0.7864541832669323,1255
E4B,0.05,0.55,115.1,242.325,False,2,288,555,2,12,241,157,555,288,0.00784313725490196,0.9921568627450981,0.288,0.555,0.45179282868525894,0.5482071713147411,1255
E4B,0.05,0.6,115.1,242.325,False,2,288,555,2,12,241,157,555,288,0.00784313725490196,0.9921568627450981,0.288,0.555,0.45179282868525894,0.5482071713147411,1255
E4B,0.05,0.5,117.20000000000002,233.375,False,2,309,534,2,11,242,157,534,309,0.00784313725490196,0.9921568627450981,0.309,0.534,0.4342629482071713,0.5657370517928287,1255
E4B,0.05,0.45,118.7,226.27500000000003,False,2,324,519,2,9,244,157,519,324,0.00784313725490196,0.9921568627450981,0.324,0.519,0.4207171314741036,0.5792828685258964,1255
E4B,0.15,0.2,119.2,119.2,False,9,546,10,9,0,246,444,10,546,0.03529411764705882,0.9647058823529412,0.546,0.01,0.00796812749003984,0.9920318725099602,1255
E4B,0.05,0.4,122.10000000000001,212.675,False,2,358,485,2,9,244,157,485,358,0.00784313725490196,0.9921568627450981,0.358,0.485,0.39362549800796814,0.6063745019920319,1255
E4B,0.05,0.35,122.5,211.075,False,2,362,481,2,9,244,157,481,362,0.00784313725490196,0.9921568627450981,0.362,0.481,0.3904382470119522,0.6095617529880478,1255
E4B,0.05,0.3,125.5,199.075,False,2,392,451,2,9,244,157,451,392,0.00784313725490196,0.9921568627450981,0.392,0.451,0.3665338645418327,0.6334661354581673,1255
E4B,0.05,0.25,125.60000000000001,198.675,False,2,393,450,2,9,244,157,450,393,0.00784313725490196,0.9921568627450981,0.393,0.45,0.36573705179282867,0.6342629482071713,1255
E4B,0.1,0.2,127.30000000000001,127.4,False,7,546,111,7,2,246,343,111,546,0.027450980392156862,0.9725490196078431,0.546,0.111,0.0900398406374502,0.9099601593625498,1255
E4B,0.1,0.15,128.3,128.4,False,7,556,101,7,2,246,343,101,556,0.027450980392156862,0.9725490196078431,0.556,0.101,0.08207171314741035,0.9179282868525896,1255
E4B,0.05,0.2,140.9,141.25,False,2,546,297,2,7,246,157,297,546,0.00784313725490196,0.9921568627450981,0.546,0.297,0.24223107569721117,0.7577689243027889,1255
E4B,0.05,0.15,141.9,142.25,False,2,556,287,2,7,246,157,287,556,0.00784313725490196,0.9921568627450981,0.556,0.287,0.2342629482071713,0.7657370517928287,1255
E4B,0.05,0.1,152.0,152.25,False,2,657,186,2,5,248,157,186,657,0.00784313725490196,0.9921568627450981,0.657,0.186,0.15219123505976095,0.847808764940239,1255
E2B,0.45,0.95,240.8,241.5,False,240,0,8,240,14,1,992,8,0,0.9411764705882353,0.058823529411764705,0.0,0.008,0.01752988047808765,0.9824701195219123,1255
E2B,0.5,0.95,240.8,241.5,False,240,0,8,240,14,1,992,8,0,0.9411764705882353,0.058823529411764705,0.0,0.008,0.01752988047808765,0.9824701195219123,1255
E2B,0.55,0.95,240.8,241.5,False,240,0,8,240,14,1,992,8,0,0.9411764705882353,0.058823529411764705,0.0,0.008,0.01752988047808765,0.9824701195219123,1255
E2B,0.6,0.95,240.8,241.5,False,240,0,8,240,14,1,992,8,0,0.9411764705882353,0.058823529411764705,0.0,0.008,0.01752988047808765,0.9824701195219123,1255
E2B,0.65,0.95,240.8,241.5,False,240,0,8,240,14,1,992,8,0,0.9411764705882353,0.058823529411764705,0.0,0.008,0.01752988047808765,0.9824701195219123,1255
E2B,0.7,0.95,240.8,241.5,False,240,0,8,240,14,1,992,8,0,0.9411764705882353,0.058823529411764705,0.0,0.008,0.01752988047808765,0.9824701195219123,1255
E2B,0.75,0.95,240.8,241.5,False,240,0,8,240,14,1,992,8,0,0.9411764705882353,0.058823529411764705,0.0,0.008,0.01752988047808765,0.9824701195219123,1255
E2B,0.8,0.95,240.8,241.5,False,240,0,8,240,14,1,992,8,0,0.9411764705882353,0.058823529411764705,0.0,0.008,0.01752988047808765,0.9824701195219123,1255
E2B,0.45,0.85,241.1,241.15,False,240,3,5,240,1,14,992,5,3,0.9411764705882353,0.058823529411764705,0.003,0.005,0.004780876494023904,0.9952191235059761,1255
E2B,0.5,0.85,241.1,241.15,False,240,3,5,240,1,14,992,5,3,0.9411764705882353,0.058823529411764705,0.003,0.005,0.004780876494023904,0.9952191235059761,1255
E2B,0.55,0.85,241.1,241.15,False,240,3,5,240,1,14,992,5,3,0.9411764705882353,0.058823529411764705,0.003,0.005,0.004780876494023904,0.9952191235059761,1255
E2B,0.6,0.85,241.1,241.15,False,240,3,5,240,1,14,992,5,3,0.9411764705882353,0.058823529411764705,0.003,0.005,0.004780876494023904,0.9952191235059761,1255
E2B,0.65,0.85,241.1,241.15,False,240,3,5,240,1,14,992,5,3,0.9411764705882353,0.058823529411764705,0.003,0.005,0.004780876494023904,0.9952191235059761,1255
E2B,0.7,0.85,241.1,241.15,False,240,3,5,240,1,14,992,5,3,0.9411764705882353,0.058823529411764705,0.003,0.005,0.004780876494023904,0.9952191235059761,1255
E2B,0.75,0.85,241.1,241.15,False,240,3,5,240,1,14,992,5,3,0.9411764705882353,0.058823529411764705,0.003,0.005,0.004780876494023904,0.9952191235059761,1255
E2B,0.8,0.85,241.1,241.15,False,240,3,5,240,1,14,992,5,3,0.9411764705882353,0.058823529411764705,0.003,0.005,0.004780876494023904,0.9952191235059761,1255
E2B,0.45,0.9,241.1,241.15,False,240,3,5,240,1,14,992,5,3,0.9411764705882353,0.058823529411764705,0.003,0.005,0.004780876494023904,0.9952191235059761,1255
E2B,0.5,0.9,241.1,241.15,False,240,3,5,240,1,14,992,5,3,0.9411764705882353,0.058823529411764705,0.003,0.005,0.004780876494023904,0.9952191235059761,1255
E2B,0.55,0.9,241.1,241.15,False,240,3,5,240,1,14,992,5,3,0.9411764705882353,0.058823529411764705,0.003,0.005,0.004780876494023904,0.9952191235059761,1255
E2B,0.6,0.9,241.1,241.15,False,240,3,5,240,1,14,992,5,3,0.9411764705882353,0.058823529411764705,0.003,0.005,0.004780876494023904,0.9952191235059761,1255
E2B,0.65,0.9,241.1,241.15,False,240,3,5,240,1,14,992,5,3,0.9411764705882353,0.058823529411764705,0.003,0.005,0.004780876494023904,0.9952191235059761,1255
E2B,0.7,0.9,241.1,241.15,False,240,3,5,240,1,14,992,5,3,0.9411764705882353,0.058823529411764705,0.003,0.005,0.004780876494023904,0.9952191235059761,1255
E2B,0.75,0.9,241.1,241.15,False,240,3,5,240,1,14,992,5,3,0.9411764705882353,0.058823529411764705,0.003,0.005,0.004780876494023904,0.9952191235059761,1255
E2B,0.8,0.9,241.1,241.15,False,240,3,5,240,1,14,992,5,3,0.9411764705882353,0.058823529411764705,0.003,0.005,0.004780876494023904,0.9952191235059761,1255
E2B,0.35,0.95,241.2,241.89999999999998,False,240,0,12,240,14,1,988,12,0,0.9411764705882353,0.058823529411764705,0.0,0.012,0.020717131474103586,0.9792828685258964,1255
E2B,0.4,0.95,241.2,241.89999999999998,False,240,0,12,240,14,1,988,12,0,0.9411764705882353,0.058823529411764705,0.0,0.012,0.020717131474103586,0.9792828685258964,1255
E2B,0.25,0.95,241.3,242.0,False,240,0,13,240,14,1,987,13,0,0.9411764705882353,0.058823529411764705,0.0,0.013,0.02151394422310757,0.9784860557768924,1255
E2B,0.3,0.95,241.3,242.0,False,240,0,13,240,14,1,987,13,0,0.9411764705882353,0.058823529411764705,0.0,0.013,0.02151394422310757,0.9784860557768924,1255
E2B,0.85,0.95,241.3,241.95000000000002,False,241,0,3,241,13,1,997,3,0,0.9450980392156862,0.054901960784313725,0.0,0.003,0.012749003984063745,0.9872509960159362,1255
E2B,0.9,0.95,241.3,241.95000000000002,False,241,0,3,241,13,1,997,3,0,0.9450980392156862,0.054901960784313725,0.0,0.003,0.012749003984063745,0.9872509960159362,1255
E2B,0.35,0.85,241.5,241.55,False,240,3,9,240,1,14,988,9,3,0.9411764705882353,0.058823529411764705,0.003,0.009,0.00796812749003984,0.9920318725099602,1255
E2B,0.4,0.85,241.5,241.55,False,240,3,9,240,1,14,988,9,3,0.9411764705882353,0.058823529411764705,0.003,0.009,0.00796812749003984,0.9920318725099602,1255
E2B,0.35,0.9,241.5,241.55,False,240,3,9,240,1,14,988,9,3,0.9411764705882353,0.058823529411764705,0.003,0.009,0.00796812749003984,0.9920318725099602,1255
E2B,0.4,0.9,241.5,241.55,False,240,3,9,240,1,14,988,9,3,0.9411764705882353,0.058823529411764705,0.003,0.009,0.00796812749003984,0.9920318725099602,1255
E2B,0.25,0.85,241.6,241.65,False,240,3,10,240,1,14,987,10,3,0.9411764705882353,0.058823529411764705,0.003,0.01,0.008764940239043825,0.9912350597609562,1255
E2B,0.3,0.85,241.6,241.65,False,240,3,10,240,1,14,987,10,3,0.9411764705882353,0.058823529411764705,0.003,0.01,0.008764940239043825,0.9912350597609562,1255
E2B,0.25,0.9,241.6,241.65,False,240,3,10,240,1,14,987,10,3,0.9411764705882353,0.058823529411764705,0.003,0.01,0.008764940239043825,0.9912350597609562,1255
E2B,0.3,0.9,241.6,241.65,False,240,3,10,240,1,14,987,10,3,0.9411764705882353,0.058823529411764705,0.003,0.01,0.008764940239043825,0.9912350597609562,1255
E2B,0.45,0.5,241.6,241.6,False,240,8,0,240,0,15,992,0,8,0.9411764705882353,0.058823529411764705,0.008,0.0,0.0,1.0,1255
E2B,0.45,0.55,241.6,241.6,False,240,8,0,240,0,15,992,0,8,0.9411764705882353,0.058823529411764705,0.008,0.0,0.0,1.0,1255
E2B,0.5,0.55,241.6,241.6,False,240,8,0,240,0,15,992,0,8,0.9411764705882353,0.058823529411764705,0.008,0.0,0.0,1.0,1255
E2B,0.45,0.6,241.6,241.6,False,240,8,0,240,0,15,992,0,8,0.9411764705882353,0.058823529411764705,0.008,0.0,0.0,1.0,1255
E2B,0.5,0.6,241.6,241.6,False,240,8,0,240,0,15,992,0,8,0.9411764705882353,0.058823529411764705,0.008,0.0,0.0,1.0,1255
E2B,0.55,0.6,241.6,241.6,False,240,8,0,240,0,15,992,0,8,0.9411764705882353,0.058823529411764705,0.008,0.0,0.0,1.0,1255
E2B,0.45,0.65,241.6,241.6,False,240,8,0,240,0,15,992,0,8,0.9411764705882353,0.058823529411764705,0.008,0.0,0.0,1.0,1255
E2B,0.5,0.65,241.6,241.6,False,240,8,0,240,0,15,992,0,8,0.9411764705882353,0.058823529411764705,0.008,0.0,0.0,1.0,1255
E2B,0.55,0.65,241.6,241.6,False,240,8,0,240,0,15,992,0,8,0.9411764705882353,0.058823529411764705,0.008,0.0,0.0,1.0,1255
E2B,0.6,0.65,241.6,241.6,False,240,8,0,240,0,15,992,0,8,0.9411764705882353,0.058823529411764705,0.008,0.0,0.0,1.0,1255
E2B,0.45,0.7,241.6,241.6,False,240,8,0,240,0,15,992,0,8,0.9411764705882353,0.058823529411764705,0.008,0.0,0.0,1.0,1255
E2B,0.5,0.7,241.6,241.6,False,240,8,0,240,0,15,992,0,8,0.9411764705882353,0.058823529411764705,0.008,0.0,0.0,1.0,1255
E2B,0.55,0.7,241.6,241.6,False,240,8,0,240,0,15,992,0,8,0.9411764705882353,0.058823529411764705,0.008,0.0,0.0,1.0,1255
E2B,0.6,0.7,241.6,241.6,False,240,8,0,240,0,15,992,0,8,0.9411764705882353,0.058823529411764705,0.008,0.0,0.0,1.0,1255
E2B,0.65,0.7,241.6,241.6,False,240,8,0,240,0,15,992,0,8,0.9411764705882353,0.058823529411764705,0.008,0.0,0.0,1.0,1255
E2B,0.45,0.75,241.6,241.6,False,240,8,0,240,0,15,992,0,8,0.9411764705882353,0.058823529411764705,0.008,0.0,0.0,1.0,1255
E2B,0.5,0.75,241.6,241.6,False,240,8,0,240,0,15,992,0,8,0.9411764705882353,0.058823529411764705,0.008,0.0,0.0,1.0,1255
E2B,0.55,0.75,241.6,241.6,False,240,8,0,240,0,15,992,0,8,0.9411764705882353,0.058823529411764705,0.008,0.0,0.0,1.0,1255
E2B,0.6,0.75,241.6,241.6,False,240,8,0,240,0,15,992,0,8,0.9411764705882353,0.058823529411764705,0.008,0.0,0.0,1.0,1255
E2B,0.65,0.75,241.6,241.6,False,240,8,0,240,0,15,992,0,8,0.9411764705882353,0.058823529411764705,0.008,0.0,0.0,1.0,1255
E2B,0.7,0.75,241.6,241.6,False,240,8,0,240,0,15,992,0,8,0.9411764705882353,0.058823529411764705,0.008,0.0,0.0,1.0,1255
E2B,0.45,0.8,241.6,241.6,False,240,8,0,240,0,15,992,0,8,0.9411764705882353,0.058823529411764705,0.008,0.0,0.0,1.0,1255
E2B,0.5,0.8,241.6,241.6,False,240,8,0,240,0,15,992,0,8,0.9411764705882353,0.058823529411764705,0.008,0.0,0.0,1.0,1255
E2B,0.55,0.8,241.6,241.6,False,240,8,0,240,0,15,992,0,8,0.9411764705882353,0.058823529411764705,0.008,0.0,0.0,1.0,1255
E2B,0.6,0.8,241.6,241.6,False,240,8,0,240,0,15,992,0,8,0.9411764705882353,0.058823529411764705,0.008,0.0,0.0,1.0,1255
E2B,0.65,0.8,241.6,241.6,False,240,8,0,240,0,15,992,0,8,0.9411764705882353,0.058823529411764705,0.008,0.0,0.0,1.0,1255
E2B,0.7,0.8,241.6,241.6,False,240,8,0,240,0,15,992,0,8,0.9411764705882353,0.058823529411764705,0.008,0.0,0.0,1.0,1255
E2B,0.75,0.8,241.6,241.6,False,240,8,0,240,0,15,992,0,8,0.9411764705882353,0.058823529411764705,0.008,0.0,0.0,1.0,1255
E2B,0.85,0.9,241.6,241.6,False,241,3,0,241,0,14,997,0,3,0.9450980392156862,0.054901960784313725,0.003,0.0,0.0,1.0,1255
E2B,0.35,0.45,242.0,242.0,False,240,8,4,240,0,15,988,4,8,0.9411764705882353,0.058823529411764705,0.008,0.004,0.0031872509960159364,0.9968127490039841,1255
E2B,0.4,0.45,242.0,242.0,False,240,8,4,240,0,15,988,4,8,0.9411764705882353,0.058823529411764705,0.008,0.004,0.0031872509960159364,0.9968127490039841,1255
E2B,0.35,0.5,242.0,242.0,False,240,8,4,240,0,15,988,4,8,0.9411764705882353,0.058823529411764705,0.008,0.004,0.0031872509960159364,0.9968127490039841,1255
E2B,0.4,0.5,242.0,242.0,False,240,8,4,240,0,15,988,4,8,0.9411764705882353,0.058823529411764705,0.008,0.004,0.0031872509960159364,0.9968127490039841,1255
E2B,0.35,0.55,242.0,242.0,False,240,8,4,240,0,15,988,4,8,0.9411764705882353,0.058823529411764705,0.008,0.004,0.0031872509960159364,0.9968127490039841,1255
E2B,0.4,0.55,242.0,242.0,False,240,8,4,240,0,15,988,4,8,0.9411764705882353,0.058823529411764705,0.008,0.004,0.0031872509960159364,0.9968127490039841,1255
E2B,0.35,0.6,242.0,242.0,False,240,8,4,240,0,15,988,4,8,0.9411764705882353,0.058823529411764705,0.008,0.004,0.0031872509960159364,0.9968127490039841,1255
E2B,0.4,0.6,242.0,242.0,False,240,8,4,240,0,15,988,4,8,0.9411764705882353,0.058823529411764705,0.008,0.004,0.0031872509960159364,0.9968127490039841,1255
E2B,0.35,0.65,242.0,242.0,False,240,8,4,240,0,15,988,4,8,0.9411764705882353,0.058823529411764705,0.008,0.004,0.0031872509960159364,0.9968127490039841,1255
E2B,0.4,0.65,242.0,242.0,False,240,8,4,240,0,15,988,4,8,0.9411764705882353,0.058823529411764705,0.008,0.004,0.0031872509960159364,0.9968127490039841,1255
E2B,0.35,0.7,242.0,242.0,False,240,8,4,240,0,15,988,4,8,0.9411764705882353,0.058823529411764705,0.008,0.004,0.0031872509960159364,0.9968127490039841,1255
E2B,0.4,0.7,242.0,242.0,False,240,8,4,240,0,15,988,4,8,0.9411764705882353,0.058823529411764705,0.008,0.004,0.0031872509960159364,0.9968127490039841,1255
E2B,0.35,0.75,242.0,242.0,False,240,8,4,240,0,15,988,4,8,0.9411764705882353,0.058823529411764705,0.008,0.004,0.0031872509960159364,0.9968127490039841,1255
E2B,0.4,0.75,242.0,242.0,False,240,8,4,240,0,15,988,4,8,0.9411764705882353,0.058823529411764705,0.008,0.004,0.0031872509960159364,0.9968127490039841,1255
E2B,0.35,0.8,242.0,242.0,False,240,8,4,240,0,15,988,4,8,0.9411764705882353,0.058823529411764705,0.008,0.004,0.0031872509960159364,0.9968127490039841,1255
E2B,0.4,0.8,242.0,242.0,False,240,8,4,240,0,15,988,4,8,0.9411764705882353,0.058823529411764705,0.008,0.004,0.0031872509960159364,0.9968127490039841,1255
E2B,0.25,0.45,242.1,242.1,False,240,8,5,240,0,15,987,5,8,0.9411764705882353,0.058823529411764705,0.008,0.005,0.00398406374501992,0.9960159362549801,1255
E2B,0.3,0.45,242.1,242.1,False,240,8,5,240,0,15,987,5,8,0.9411764705882353,0.058823529411764705,0.008,0.005,0.00398406374501992,0.9960159362549801,1255
E2B,0.25,0.5,242.1,242.1,False,240,8,5,240,0,15,987,5,8,0.9411764705882353,0.058823529411764705,0.008,0.005,0.00398406374501992,0.9960159362549801,1255
E2B,0.3,0.5,242.1,242.1,False,240,8,5,240,0,15,987,5,8,0.9411764705882353,0.058823529411764705,0.008,0.005,0.00398406374501992,0.9960159362549801,1255
E2B,0.25,0.55,242.1,242.1,False,240,8,5,240,0,15,987,5,8,0.9411764705882353,0.058823529411764705,0.008,0.005,0.00398406374501992,0.9960159362549801,1255
E2B,0.3,0.55,242.1,242.1,False,240,8,5,240,0,15,987,5,8,0.9411764705882353,0.058823529411764705,0.008,0.005,0.00398406374501992,0.9960159362549801,1255
E2B,0.25,0.6,242.1,242.1,False,240,8,5,240,0,15,987,5,8,0.9411764705882353,0.058823529411764705,0.008,0.005,0.00398406374501992,0.9960159362549801,1255
E2B,0.3,0.6,242.1,242.1,False,240,8,5,240,0,15,987,5,8,0.9411764705882353,0.058823529411764705,0.008,0.005,0.00398406374501992,0.9960159362549801,1255
E2B,0.25,0.65,242.1,242.1,False,240,8,5,240,0,15,987,5,8,0.9411764705882353,0.058823529411764705,0.008,0.005,0.00398406374501992,0.9960159362549801,1255
E2B,0.3,0.65,242.1,242.1,False,240,8,5,240,0,15,987,5,8,0.9411764705882353,0.058823529411764705,0.008,0.005,0.00398406374501992,0.9960159362549801,1255
E2B,0.25,0.7,242.1,242.1,False,240,8,5,240,0,15,987,5,8,0.9411764705882353,0.058823529411764705,0.008,0.005,0.00398406374501992,0.9960159362549801,1255
E2B,0.3,0.7,242.1,242.1,False,240,8,5,240,0,15,987,5,8,0.9411764705882353,0.058823529411764705,0.008,0.005,0.00398406374501992,0.9960159362549801,1255
E2B,0.25,0.75,242.1,242.1,False,240,8,5,240,0,15,987,5,8,0.9411764705882353,0.058823529411764705,0.008,0.005,0.00398406374501992,0.9960159362549801,1255
E2B,0.3,0.75,242.1,242.1,False,240,8,5,240,0,15,987,5,8,0.9411764705882353,0.058823529411764705,0.008,0.005,0.00398406374501992,0.9960159362549801,1255
E2B,0.25,0.8,242.1,242.1,False,240,8,5,240,0,15,987,5,8,0.9411764705882353,0.058823529411764705,0.008,0.005,0.00398406374501992,0.9960159362549801,1255
E2B,0.3,0.8,242.1,242.1,False,240,8,5,240,0,15,987,5,8,0.9411764705882353,0.058823529411764705,0.008,0.005,0.00398406374501992,0.9960159362549801,1255
E2B,0.35,0.4,242.4,242.4,False,240,12,0,240,0,15,988,0,12,0.9411764705882353,0.058823529411764705,0.012,0.0,0.0,1.0,1255
E2B,0.25,0.35,242.5,242.5,False,240,12,1,240,0,15,987,1,12,0.9411764705882353,0.058823529411764705,0.012,0.001,0.0007968127490039841,0.999203187250996,1255
E2B,0.3,0.35,242.5,242.5,False,240,12,1,240,0,15,987,1,12,0.9411764705882353,0.058823529411764705,0.012,0.001,0.0007968127490039841,0.999203187250996,1255
E2B,0.25,0.4,242.5,242.5,False,240,12,1,240,0,15,987,1,12,0.9411764705882353,0.058823529411764705,0.012,0.001,0.0007968127490039841,0.999203187250996,1255
E2B,0.3,0.4,242.5,242.5,False,240,12,1,240,0,15,987,1,12,0.9411764705882353,0.058823529411764705,0.012,0.001,0.0007968127490039841,0.999203187250996,1255
E2B,0.25,0.3,242.6,242.6,False,240,13,0,240,0,15,987,0,13,0.9411764705882353,0.058823529411764705,0.013,0.0,0.0,1.0,1255
E2B,0.2,0.95,244.5,245.2,False,240,0,45,240,14,1,955,45,0,0.9411764705882353,0.058823529411764705,0.0,0.045,0.04701195219123506,0.9529880478087649,1255
E2B,0.2,0.85,244.79999999999998,244.85,False,240,3,42,240,1,14,955,42,3,0.9411764705882353,0.058823529411764705,0.003,0.042,0.034262948207171316,0.9657370517928286,1255
E2B,0.2,0.9,244.79999999999998,244.85,False,240,3,42,240,1,14,955,42,3,0.9411764705882353,0.058823529411764705,0.003,0.042,0.034262948207171316,0.9657370517928286,1255
E2B,0.2,0.45,245.29999999999998,245.29999999999998,False,240,8,37,240,0,15,955,37,8,0.9411764705882353,0.058823529411764705,0.008,0.037,0.02948207171314741,0.9705179282868526,1255
E2B,0.2,0.5,245.29999999999998,245.29999999999998,False,240,8,37,240,0,15,955,37,8,0.9411764705882353,0.058823529411764705,0.008,0.037,0.02948207171314741,0.9705179282868526,1255
E2B,0.2,0.55,245.29999999999998,245.29999999999998,False,240,8,37,240,0,15,955,37,8,0.9411764705882353,0.058823529411764705,0.008,0.037,0.02948207171314741,0.9705179282868526,1255
E2B,0.2,0.6,245.29999999999998,245.29999999999998,False,240,8,37,240,0,15,955,37,8,0.9411764705882353,0.058823529411764705,0.008,0.037,0.02948207171314741,0.9705179282868526,1255
E2B,0.2,0.65,245.29999999999998,245.29999999999998,False,240,8,37,240,0,15,955,37,8,0.9411764705882353,0.058823529411764705,0.008,0.037,0.02948207171314741,0.9705179282868526,1255
E2B,0.2,0.7,245.29999999999998,245.29999999999998,False,240,8,37,240,0,15,955,37,8,0.9411764705882353,0.058823529411764705,0.008,0.037,0.02948207171314741,0.9705179282868526,1255
E2B,0.2,0.75,245.29999999999998,245.29999999999998,False,240,8,37,240,0,15,955,37,8,0.9411764705882353,0.058823529411764705,0.008,0.037,0.02948207171314741,0.9705179282868526,1255
E2B,0.2,0.8,245.29999999999998,245.29999999999998,False,240,8,37,240,0,15,955,37,8,0.9411764705882353,0.058823529411764705,0.008,0.037,0.02948207171314741,0.9705179282868526,1255
E2B,0.2,0.35,245.70000000000002,245.70000000000002,False,240,12,33,240,0,15,955,33,12,0.9411764705882353,0.058823529411764705,0.012,0.033,0.026294820717131476,0.9737051792828685,1255
E2B,0.2,0.4,245.70000000000002,245.70000000000002,False,240,12,33,240,0,15,955,33,12,0.9411764705882353,0.058823529411764705,0.012,0.033,0.026294820717131476,0.9737051792828685,1255
E2B,0.2,0.25,245.79999999999998,245.79999999999998,False,240,13,32,240,0,15,955,32,13,0.9411764705882353,0.058823529411764705,0.013,0.032,0.02549800796812749,0.9745019920318725,1255
E2B,0.2,0.3,245.79999999999998,245.79999999999998,False,240,13,32,240,0,15,955,32,13,0.9411764705882353,0.058823529411764705,0.013,0.032,0.02549800796812749,0.9745019920318725,1255
E2B,0.15,0.95,246.8,247.55,False,239,0,78,239,15,1,922,78,0,0.9372549019607843,0.06274509803921569,0.0,0.078,0.07410358565737052,0.9258964143426295,1255
E2B,0.15,0.85,247.1,247.2,False,239,3,75,239,2,14,922,75,3,0.9372549019607843,0.06274509803921569,0.003,0.075,0.06135458167330677,0.9386454183266932,1255
E2B,0.15,0.9,247.1,247.2,False,239,3,75,239,2,14,922,75,3,0.9372549019607843,0.06274509803921569,0.003,0.075,0.06135458167330677,0.9386454183266932,1255
E2B,0.15,0.45,247.6,247.65,False,239,8,70,239,1,15,922,70,8,0.9372549019607843,0.06274509803921569,0.008,0.07,0.05657370517928287,0.9434262948207172,1255
E2B,0.15,0.5,247.6,247.65,False,239,8,70,239,1,15,922,70,8,0.9372549019607843,0.06274509803921569,0.008,0.07,0.05657370517928287,0.9434262948207172,1255
E2B,0.15,0.55,247.6,247.65,False,239,8,70,239,1,15,922,70,8,0.9372549019607843,0.06274509803921569,0.008,0.07,0.05657370517928287,0.9434262948207172,1255
E2B,0.15,0.6,247.6,247.65,False,239,8,70,239,1,15,922,70,8,0.9372549019607843,0.06274509803921569,0.008,0.07,0.05657370517928287,0.9434262948207172,1255
E2B,0.15,0.65,247.6,247.65,False,239,8,70,239,1,15,922,70,8,0.9372549019607843,0.06274509803921569,0.008,0.07,0.05657370517928287,0.9434262948207172,1255
E2B,0.15,0.7,247.6,247.65,False,239,8,70,239,1,15,922,70,8,0.9372549019607843,0.06274509803921569,0.008,0.07,0.05657370517928287,0.9434262948207172,1255
E2B,0.15,0.75,247.6,247.65,False,239,8,70,239,1,15,922,70,8,0.9372549019607843,0.06274509803921569,0.008,0.07,0.05657370517928287,0.9434262948207172,1255
E2B,0.15,0.8,247.6,247.65,False,239,8,70,239,1,15,922,70,8,0.9372549019607843,0.06274509803921569,0.008,0.07,0.05657370517928287,0.9434262948207172,1255
E2B,0.15,0.35,248.0,248.05,False,239,12,66,239,1,15,922,66,12,0.9372549019607843,0.06274509803921569,0.012,0.066,0.05338645418326693,0.9466135458167331,1255
E2B,0.15,0.4,248.0,248.05,False,239,12,66,239,1,15,922,66,12,0.9372549019607843,0.06274509803921569,0.012,0.066,0.05338645418326693,0.9466135458167331,1255
E2B,0.15,0.25,248.1,248.15,False,239,13,65,239,1,15,922,65,13,0.9372549019607843,0.06274509803921569,0.013,0.065,0.05258964143426295,0.9474103585657371,1255
E2B,0.15,0.3,248.1,248.15,False,239,13,65,239,1,15,922,65,13,0.9372549019607843,0.06274509803921569,0.013,0.065,0.05258964143426295,0.9474103585657371,1255
E2B,0.1,0.95,249.0,249.8,False,238,0,110,238,16,1,890,110,0,0.9333333333333333,0.06666666666666667,0.0,0.11,0.100398406374502,0.899601593625498,1255
E2B,0.1,0.85,249.29999999999998,249.45,False,238,3,107,238,3,14,890,107,3,0.9333333333333333,0.06666666666666667,0.003,0.107,0.08764940239043825,0.9123505976095617,1255
E2B,0.1,0.9,249.29999999999998,249.45,False,238,3,107,238,3,14,890,107,3,0.9333333333333333,0.06666666666666667,0.003,0.107,0.08764940239043825,0.9123505976095617,1255
E2B,0.1,0.45,249.79999999999998,249.89999999999998,False,238,8,102,238,2,15,890,102,8,0.9333333333333333,0.06666666666666667,0.008,0.102,0.08286852589641434,0.9171314741035856,1255
E2B,0.1,0.5,249.79999999999998,249.89999999999998,False,238,8,102,238,2,15,890,102,8,0.9333333333333333,0.06666666666666667,0.008,0.102,0.08286852589641434,0.9171314741035856,1255
E2B,0.1,0.55,249.79999999999998,249.89999999999998,False,238,8,102,238,2,15,890,102,8,0.9333333333333333,0.06666666666666667,0.008,0.102,0.08286852589641434,0.9171314741035856,1255
E2B,0.1,0.6,249.79999999999998,249.89999999999998,False,238,8,102,238,2,15,890,102,8,0.9333333333333333,0.06666666666666667,0.008,0.102,0.08286852589641434,0.9171314741035856,1255
E2B,0.1,0.65,249.79999999999998,249.89999999999998,False,238,8,102,238,2,15,890,102,8,0.9333333333333333,0.06666666666666667,0.008,0.102,0.08286852589641434,0.9171314741035856,1255
E2B,0.1,0.7,249.79999999999998,249.89999999999998,False,238,8,102,238,2,15,890,102,8,0.9333333333333333,0.06666666666666667,0.008,0.102,0.08286852589641434,0.9171314741035856,1255
E2B,0.1,0.75,249.79999999999998,249.89999999999998,False,238,8,102,238,2,15,890,102,8,0.9333333333333333,0.06666666666666667,0.008,0.102,0.08286852589641434,0.9171314741035856,1255
E2B,0.1,0.8,249.79999999999998,249.89999999999998,False,238,8,102,238,2,15,890,102,8,0.9333333333333333,0.06666666666666667,0.008,0.102,0.08286852589641434,0.9171314741035856,1255
E2B,0.1,0.35,250.20000000000002,250.3,False,238,12,98,238,2,15,890,98,12,0.9333333333333333,0.06666666666666667,0.012,0.098,0.0796812749003984,0.9203187250996016,1255
E2B,0.1,0.4,250.20000000000002,250.3,False,238,12,98,238,2,15,890,98,12,0.9333333333333333,0.06666666666666667,0.012,0.098,0.0796812749003984,0.9203187250996016,1255
E2B,0.1,0.25,250.29999999999998,250.39999999999998,False,238,13,97,238,2,15,890,97,13,0.9333333333333333,0.06666666666666667,0.013,0.097,0.07888446215139443,0.9211155378486056,1255
E2B,0.1,0.3,250.29999999999998,250.39999999999998,False,238,13,97,238,2,15,890,97,13,0.9333333333333333,0.06666666666666667,0.013,0.097,0.07888446215139443,0.9211155378486056,1255
E2B,0.15,0.2,251.3,251.35000000000002,False,239,45,33,239,1,15,922,33,45,0.9372549019607843,0.06274509803921569,0.045,0.033,0.027091633466135457,0.9729083665338646,1255
E2B,0.1,0.2,253.5,253.6,False,238,45,65,238,2,15,890,65,45,0.9333333333333333,0.06666666666666667,0.045,0.065,0.05338645418326693,0.9466135458167331,1255
E2B,0.1,0.15,256.8,256.85,False,238,78,32,238,1,16,890,32,78,0.9333333333333333,0.06666666666666667,0.078,0.032,0.026294820717131476,0.9737051792828685,1255
